,Unnamed: 0,username,following,followers,retweetcount,text,date,show
0,0,kdbawkehnaaqj,1925,166,0,_rain_xrp just super funny to me like this dip came for the better smiling_face_with_hearts smiling_face_with_hearts,2021-12-23 02:00:06+00:00,0
1,1,MRTCRYPTO1,63,4,0,$xrp they call it drawing lines‚Ä¶ my last buy hit before break out,2021-08-31 20:18:52+00:00,0
2,2,Ink_217,625,128,182,we know whats up the harvest is going to be legendary fox,2021-05-12 14:07:43+00:00,0
3,3,DannyBee_19,3943,1332,0,who cares $xrp is a shitcoin if it kept up with $eth since the 2018 highs in correlation $xrp would be $12 now it is not even a 14th of that why due to $xrp being a shitcoin,2010-02-28 12:47:36+00:00,0
4,4,AtheniValdepena,50,36,17,let us welcome limited vietnamese dong Vietnam to the world rocket **make the great again** (1) snapshot and 54 55 Vietnam are being dropped to 1 833 addresses with 100k minimum $lusd United_States,2021-11-13 12:26:02+00:00,0
5,5,JrDolotina,2933,749,698,why is $xrp so hated and why is there so much misinformation time for a thread everything started in 2013 xrp had started trading the technology had many promises it had the first ever dex where you could even trade and move btc in seconds then bitcoin maximalists came in 1/8,2019-10-23 23:42:33+00:00,0
6,6,AntiProgreWorld,17226,17539,7,_vision_ _new _alta_volta _xrp _neverwinter _jack roflmao no i gave you the court documents showing john sullivan incited violence broke a window in the capitol and called for burning down the capitol his friends passing as trump supporters wearing maga gear did the same thing,2011-08-23 05:31:57+00:00,0
7,7,jimmyxrp7,1720,167,127,police_car_light giveaway 50 or rules memo keycap_1 follow turn on bell keycap_2 like/retweet/tag 3 friends family_man_woman_boy keycap_3 watch this video and comment your favorite crypto red_exclamation_mark keycap_4 subscribe to our youtube and show proof camera_with_flash keycap_5 5 winners will be chosen in 72 hours red_exclamation_mark red_envelope,2022-02-25 11:52:06+00:00,1
8,8,CrizRose17,339,30,169,fire fire fire fire _xtreme is giving 15k coin for 2 lucky winners in next 24hrs pushpin follow _asia & _moonshots pushpin retweet and like pushpin tag 3 friends $xrp,2021-12-04 08:27:09+00:00,0
9,9,yla_mark,93,1,394,goblin xgoblin giveaway goblin to celebrate the release of our warrior xgoblin collection we are giving 20 each to 4 winners rules goblin follow _ goblin rt and like goblin tag friends there will only ever be 500 (5 collections 100 each) 72 hours timer_clock,2021-12-08 22:12:27+00:00,0
10,10,VeeKnowsCryptos,278,455,0,tokenviz full_moon biggest 1 day volume $38 250 43 (‚àí0 93%) $2 781 22 (‚àí1 35%) $bch $282 2 (‚àí4 40%) $luna $78 36 (‚àí8 21%) $0 6053 (‚àí0 98%) backhand_index_pointing_right follow to bring dashboard right to your feed,2021-11-21 17:36:52+00:00,0
11,11,BlazeSignals,365,141,0,support us on patreon $eth $btc $ada $xrp $sol $cocos $bnb $dot $shib $doge,2021-11-08 21:34:45+00:00,0
12,12,Charles43622217,43,30,82,the day we win the lawsuit i'll get tattooed on my ass,2022-02-01 21:24:38+00:00,1
13,13,Hodl42,4361,1260,154,someone somewhere will find out about at just the right time and invest right before it explodes they will think themselves a genius they will know nothing about our journey face_with_tears_of_joy,2019-02-28 18:02:54+00:00,0
14,14,801_XRP,589,326,0,are you new to uphold,2021-05-20 23:59:12+00:00,0
15,15,maryjanezzzzZ,945,993,77,do not look at the price look at the process and the price will follow,2019-02-15 01:18:20+00:00,0
16,16,blackWarren1978,190,13,0,_productions so true lmao,2021-10-17 23:32:09+00:00,0
17,17,LayDeeBuggAngel,4982,2051,114,do need their own here's a quick take on to get you up to speed on the what why and how of the of the,2008-04-14 21:35:05+00:00,0
18,18,JayDub_xrp,972,489,0,yo wtf i have not even been looking at it 58 that is a buy,2021-12-15 21:19:58+00:00,0
19,19,AntiProgreWorld,17226,17539,2,_vision_ _new _alta_volta _xrp _neverwinter _jack read up on history demonization of your opponents is a goal of totalitarian states always has been always will be courses on ‚Äúwar revolution and totalitarianism‚Äù should be taught,2011-08-23 05:31:57+00:00,0
20,20,odohikennainno1,245,18,2,the dump is about to shift gear bracelet yourselves and get ready for the worse get ready for generational bottom it is very deep,2016-10-03 15:01:45+00:00,0
21,21,IDidndoThat,4668,3099,4,xrp is an independent and neutral digital asset running on a permissionless and decentralized technology anyone can use it however they want amd build on it whatever they want like any open source blockchain it has nothing to do with any sides or whatever you say,2010-12-05 19:36:51+00:00,0
22,22,nonfungiblen00b,926,93,0,remember when $xrp was at $5 right i do not remember either ü•π,2022-04-25 07:39:33+00:00,1
23,23,Steven73gong,143,11,154,someone somewhere will find out about at just the right time and invest right before it explodes they will think themselves a genius they will know nothing about our journey face_with_tears_of_joy,2021-12-29 22:54:09+00:00,0
24,24,TagumMark,1162,95,394,goblin xgoblin giveaway goblin to celebrate the release of our warrior xgoblin collection we are giving 20 each to 4 winners rules goblin follow _ goblin rt and like goblin tag friends there will only ever be 500 (5 collections 100 each) 72 hours timer_clock,2022-01-04 00:45:27+00:00,1
25,25,InStoffel,487,263,69,all $xrp holders will have the last laugh at all the haters,2019-05-31 15:37:24+00:00,0
26,26,supeernam21,2414,888,21,price is currently 0 0023 xrp and is up 18 75% in the last 24 hours welcome to the check out smiling_face_with_smiling_eyes follow _xtreme smiling_face_with_sunglasses set up your xumm wallet beaming_face_with_smiling_eyes set the trustline smiling_face_with_halo buy $xtreme learn more backhand_index_pointing_down backhand_index_pointing_down,2021-12-23 17:47:56+00:00,0
27,27,XRPL_Charts,215,2342,0,4/30/2022 smiling_face_with_halo follow _charts for daily stats counterclockwise_arrows_button xrp burned in the last 24 hours 2286 219901 (total) fire total burned 10 477 844 fire_engine total $xrp remaining 99 989 522 156,2019-12-23 19:50:03+00:00,0
28,28,defixrptrust,509,79,0,i love,2018-07-17 21:00:30+00:00,0
29,29,TheWolfofTradi2,5004,1299,0,urgent analysis& price prediction avax holders must w via please look for more videos at my youtube channel,2020-06-05 03:32:47+00:00,0
30,30,CrizRose17,339,30,298,balloon wrapped_gift sparkles giveaway sparkles wrapped_gift balloon 0 5 xwhales to 4 lucky people follow + me like & retweet bookmark (trippy whales mint 30th 9am mst) join discord ends alarm_clock 48h,2021-12-04 08:27:09+00:00,0
31,31,will2_the,25,30,698,why is $xrp so hated and why is there so much misinformation time for a thread everything started in 2013 xrp had started trading the technology had many promises it had the first ever dex where you could even trade and move btc in seconds then bitcoin maximalists came in 1/8,2022-03-23 12:58:14+00:00,1
32,32,MoneyProv,443,175,0,$btc x all honesty i would take my bitocin and get xrp x they are setup to not fail never has there been a company fighting the sec like this before to be on the brink of even winning too once case is closed lose or not xr,2009-03-03 05:36:02+00:00,0
33,33,SamurAlgo,243,59,0,you sold your $xrp and $algo that is why no one will remember your name who else is dcaing at these prices and will continue to do so man_raising_hand_light_skin_tone,2021-07-20 01:43:28+00:00,0
34,34,marcus_bullish,82,43,8,who is excited for tonights twitter space with and i heard it is going to be one for the ages eyes,2019-10-02 17:29:59+00:00,0
35,35,lightbringer72,152,14,27,the first of may (5) 2017 + 5 2022 do not sell your xrp between sunday 6pm est and monday 9am est just watch grab some popcorn sit back and remember this day when you look back and celebrate the first of may 05 52 31 (cest) > 11 52 31 (est) 13 popcorn ready,2021-05-19 17:38:08+00:00,0
36,36,DinoDePinto1,108,258,172,never forget for years the paid for pow liars tried to scare us out of xrp the company is great they said does not need xrp they said the banks will never use xrp they said a bunch of liars for hire and they never thought we would put it all together,2019-10-04 23:43:25+00:00,0
37,37,defixrptrust,509,79,0,explosion incoming,2018-07-17 21:00:30+00:00,0
38,38,DinaDianaRN,1482,1752,0,i have been calling 47 xrp for over a year nobody listens this eclipse is the catalyst crypto hates eclipses look back to the last bloodbath eclipse early december markets follow the astro,2015-11-07 00:00:37+00:00,0
39,39,GiMunseung,162,1,147,hey family please check our investors rewards check_mark_button 6 month check_mark_button 50% of holding as check_mark_button utility token airdrop (for play & earn feature) check_mark_button free check_mark_button airdrops start after check_mark_button buy $mdk token check_mark_button retweet & tag your friends,2021-12-15 13:13:11+00:00,0
40,40,Espo85151702,129,50,0,was wondering same thing like wtf why everyone hate xrp so bad us holders are good people too lol,2018-04-06 21:42:40+00:00,0
41,41,TheWolfofTradi2,5004,1299,0,emergency analysis urgent analysis& price predic via please look for more videos at my youtube channel,2020-06-05 03:32:47+00:00,0
42,42,lllMrXlll,92,1554,0,$xrp we gave the police_car_light extremely early,2021-04-12 03:17:33+00:00,0
43,43,brendanmclerno3,741,502,0,yes i was incorrect i take complete ownership and could i have gotten about a thousand more xrp if i had waited 2 days sure life goes on,2019-05-30 20:48:13+00:00,0
44,44,Brandon06789361,866,641,69,seriously considering selling most of my crypto for $xrp we are getting closer eyes fire popcorn,2018-12-27 02:07:56+00:00,0
45,45,mikasyein,1570,108,169,fire fire fire fire _xtreme is giving 15k coin for 2 lucky winners in next 24hrs pushpin follow _asia & _moonshots pushpin retweet and like pushpin tag 3 friends $xrp,2018-10-24 04:10:54+00:00,0
46,46,kkimochi12,8,27,0,but not too long as xrp you fool,2021-03-02 15:38:47+00:00,0
47,47,AntiProgreWorld,17226,17539,3,_vision_ _new _alta_volta _xrp _neverwinter _bruce _4ma live on sun_with_face,2011-08-23 05:31:57+00:00,0
48,48,parsainc,1312,870,0,dumb it all into xrp high_voltage,2014-09-29 07:03:28+00:00,0
49,49,XRPL_Charts,215,2342,0,4/30/2022 smiling_face_with_halo follow _charts for daily stats counterclockwise_arrows_button xrp burned in the last 24 hours 0 001717 (average) fire total burned 10 477 844 fire_engine total $xrp remaining 99 989 522 156,2019-12-23 19:50:03+00:00,0
50,50,QuantumFeg,680,429,284,it is nice to see a name in front of the contract $feg ¬∑ _of_bsc,2021-12-01 11:55:09+00:00,0
51,51,DrBagz888,676,210,1,sitting here thinking about what happens to $wtk flushed_face $algo $xrp $xdc,2021-11-12 06:12:16+00:00,0
52,52,xrpnoob2,794,163,0,everyone that is in,2019-10-07 18:00:55+00:00,0
53,53,defixrptrust,509,79,0,is the truth,2018-07-17 21:00:30+00:00,0
54,54,DominiqueDesdu1,2725,455,288,wrapped_gift sparkles xwhales giveaway trophy 0 5 xwhales 4 winners spouting_whale follow | | me spouting_whale like | rt | tag friends spouting_whale bookmark (trippy whales mint 30th 9am mst) spouting_whale join discord alarm_clock ends in 48hrs,2021-01-11 20:00:03+00:00,0
55,55,ryansmi65393560,2282,975,172,never forget for years the paid for pow liars tried to scare us out of xrp the company is great they said does not need xrp they said the banks will never use xrp they said a bunch of liars for hire and they never thought we would put it all together,2021-03-03 02:28:39+00:00,0
56,56,Mfdn66,39,12,10,_nft batcoin cmc is loading we will be happy to see you with us bat batcoin bat 0xaa731eb48f701c132d5fa69b69f5eb4064d9be34 finexbox listing rocket,2021-12-27 09:35:06+00:00,0
57,57,CrypSight,0,161,0,"surely everyone can now see how bitcoin is ""controlled"" by the stock market and how bitcoin ""controls"" exclamation_question_mark vulcan_salute face_with_rolling_eyes $btc face_vomiting $eth $vet $one $xec $xrp $ada $xlm $shib",2015-08-27 23:51:26+00:00,0
58,58,Eric133589,93,78,61,the elite created the fake sec process to give time to finish events and to destroy the old financial system and take the retail out of xrp crown eagle,2022-03-22 16:15:20+00:00,1
59,59,Remixxxfn,684,3429,1,is it a good time to buy back into,2015-03-13 07:38:42+00:00,0
60,60,almsec007,378,200,28,should $xrp holders have at least some $sgb in their portfolio to earn passive income while is still tangled with sec,2021-12-05 21:00:07+00:00,0
61,61,Eric133589,93,78,72,"""if you are one of the largest banks in the world you want to push pause or stop on technology because you are in the lead"" we know what we hold what the technology is capable of & the problems it will solve nothing can stop it now",2022-03-22 16:15:20+00:00,1
62,62,DrBagz888,676,210,182,we know whats up the harvest is going to be legendary fox,2021-11-12 06:12:16+00:00,0
63,63,conie2s,1065,157,22,hey guys what is your price prediction for $mln how much do you think 1mln token will be worth by december 2022 let us know in the comments below backhand_index_pointing_down_light_skin_tone,2011-06-01 02:03:33+00:00,0
64,64,FrankBarnard141,139,10,31,"if you click on ""cross border payments"" you are shown this notice that their solution includes $xrp without any solution shown without $xrp which is very interesting indeed 4/10",2022-04-26 03:36:39+00:00,1
65,65,TheWolfofTradi2,5004,1299,0,crash apecoin ape analysis & price prediction via please look for more videos at my youtube channel,2020-06-05 03:32:47+00:00,0
66,66,Ivonne68008570,1082,83,19,congratulations for the out of this world pump dropping zero's do not bet against this community your going to loose big,2021-12-31 16:37:48+00:00,0
67,67,Cody20167903,209,12,0,75% $xrp and rest in at these discounts the return will be tremendous,2017-11-09 11:52:57+00:00,0
68,68,DrBagz888,676,210,104,the more fud i read about the more i'm going to purchase been here too long to fall for the bs nerd_face,2021-11-12 06:12:16+00:00,0
69,69,papadonkey4,86,9,256,songbird is the canary network for flare it holds real value and offer ways to earn real income learn all about it in the video below repeat_button rt for a chance to win $xrp / $csc,2021-02-15 07:30:18+00:00,0
70,70,XRPL_Charts,215,2342,0,4/30/2022 smiling_face_with_halo follow _charts for daily stats money_bag accounts created on the ledger in the past 24 hours 6659 money_bag,2019-12-23 19:50:03+00:00,0
71,71,Samdaysammy16,488,30,698,why is $xrp so hated and why is there so much misinformation time for a thread everything started in 2013 xrp had started trading the technology had many promises it had the first ever dex where you could even trade and move btc in seconds then bitcoin maximalists came in 1/8,2021-10-14 03:56:25+00:00,0
72,72,ChrisDeOcao,993,98,127,police_car_light giveaway 50 or rules memo keycap_1 follow turn on bell keycap_2 like/retweet/tag 3 friends family_man_woman_boy keycap_3 watch this video and comment your favorite crypto red_exclamation_mark keycap_4 subscribe to our youtube and show proof camera_with_flash keycap_5 5 winners will be chosen in 72 hours red_exclamation_mark red_envelope,2021-12-19 12:52:33+00:00,0
73,73,euphoricabstrac,390,155,436,crypto prices one year ago today $57 828 $2 776 $1 35 $624 $1 59 $0 20 $32 $16 68 $43 00 $0 33 $0 78 $10 20 $1 49 $0 63 $0 00204,2016-06-07 20:51:40+00:00,0
74,74,ChrisDeOcao,993,98,394,goblin xgoblin giveaway goblin to celebrate the release of our warrior xgoblin collection we are giving 20 each to 4 winners rules goblin follow _ goblin rt and like goblin tag friends there will only ever be 500 (5 collections 100 each) 72 hours timer_clock,2021-12-19 12:52:33+00:00,0
75,75,Zerpillion,244,1033,22,_whales nice try but the xrp ledger is decentralised that is the entire point of it no regulator anywhere in the world has classified xrp as a security,2018-01-07 06:17:02+00:00,0
76,76,salt_water_john,9,0,1,speak about xrp julia credibility is key xrp injustice,2021-12-19 22:41:44+00:00,0
77,77,La83di,450,51,154,someone somewhere will find out about at just the right time and invest right before it explodes they will think themselves a genius they will know nothing about our journey face_with_tears_of_joy,2012-04-14 16:47:46+00:00,0
78,78,MarketsMickle,262,8117,172,never forget for years the paid for pow liars tried to scare us out of xrp the company is great they said does not need xrp they said the banks will never use xrp they said a bunch of liars for hire and they never thought we would put it all together,2021-08-26 23:49:09+00:00,0
79,79,trueperception3,468,1024,154,someone somewhere will find out about at just the right time and invest right before it explodes they will think themselves a genius they will know nothing about our journey face_with_tears_of_joy,2021-03-01 03:15:58+00:00,0
80,80,XRP_Loco,516,136,0,_whales back your statement with facts instead of just posting crap show the countries show where it is centralized you cannot because you lied why do people follow you sheesh,2021-03-21 09:40:02+00:00,0
81,81,MarselisScott,729,255,0,still with xrp,2019-11-14 00:09:15+00:00,0
82,82,haydentiff,6397,74237,0,somebody named david sterry posted on bitcointalk with exactly the same backstory as arthur finding out why would be way more interesting than pretending arthur does not exist at all imo and a really great precursor to xrp thread is here,2014-07-25 19:40:07+00:00,0
83,83,LucyWesley19,53,12,0,most bullish projects in april eyes $bnb $sbtc $eth $sol $xrp $ada $vet $kasta $shib $matic $d‚Ä¶,2022-03-31 07:59:23+00:00,1
84,84,LiveFre47518057,51,537,6,how about looking at shibanft on the xrp ledger it is rising nicely and you will be getting in at a price most people would have dreamed at getting in to shiba inu future stayking future marketplace future metaverse future gaming shibanft is making it happen,2022-04-02 03:22:05+00:00,1
85,85,pierrevb84,1288,406,0,lower lows in play critical supports lost,2016-03-19 07:28:13+00:00,0
86,86,mikasyein,1570,108,167,fire xslothsociety sloth police_car_light 50 police_car_light check_mark_button follow & check_mark_button join discord check_mark_button like & rt check_mark_button tag 5 friends contest ends 5/1 winner will be announced on,2018-10-24 04:10:54+00:00,0
87,87,percyv82,110,23,0,_owl evil in the world,2021-08-12 04:55:00+00:00,0
88,88,XRPL_Charts,215,2342,0,4/30/2022 glowing_star new chart bar_chart average close times of the ledger (seconds) today 3 917700,2019-12-23 19:50:03+00:00,0
89,89,cryptojak3,2097,565,203,hey we love your pfp thought you might like a new one winking_face antarcticdape this 3dape travels the world looking for a switch to flip eyes gem_stone,2013-05-23 00:44:38+00:00,0
90,90,ToTheMoonLokahi,672,257,5,_xrp yes why have you summoned me,2022-01-03 10:30:33+00:00,1
91,91,Patchoy61757716,1402,768,0,same scenario with,2021-02-06 11:35:28+00:00,0
92,92,gabrielde2909,781,223,350,retweet if you prefer $xrp rather than $btc,2016-10-08 17:50:48+00:00,0
93,93,AceThaGreatest,912,896,4,remember when you a lot of you mocked me when god told me to sell do not mock a child of god and man i do not regret it one bit because its going to get worse,2009-06-30 19:08:47+00:00,0
94,94,BoomerDad73,136,23,350,retweet if you prefer $xrp rather than $btc,2021-11-27 13:27:10+00:00,0
95,95,EisomDevonn,743,106,0,almost 400 million xrp shifted by ftx binance and other top crypto platforms,2012-07-13 15:47:22+00:00,0
96,96,LX_EMON6,79,15,187,$vinu has the potential to change your life all you have to do is police_car_light fire,2022-03-02 19:16:06+00:00,1
97,97,phuzzykiller,667,123,0,_mike i'm not quite sure what you mean by that but airdropped sgb to xrp holders that signed up for it last year we are still waiting for flare to bring the main net live and for that airdrop to be released if you want to purchase $sgb you can do so on bitrue,2010-08-14 16:33:54+00:00,0
98,98,sT4Sis_eth,501,97,110,$xrp will melt faces clown_face fire,2022-04-10 06:19:22+00:00,1
99,99,RADICAL29248719,1264,148,317,dagger _nft giveaway dagger trophy 0 5 xcrusader each | 3 winners trophy (current price 24 xrp) shield like rt & tag friends shield follow _nft & me shield join discord check_mark_button show proof visit the website for more info down_arrow alarm_clock 48hrs,2021-10-29 03:43:42+00:00,0
100,100,Czarm18,422,147,7,please note that reward will be sent to winner through xrp ledger tipbot please have this setup in advance in addition to your $xoge trustline on xumm you can google/youtube how to setup tipbot on xumm it is very simple,2021-09-02 13:25:25+00:00,0
101,101,dltmdgns7979,857,214,0,xrp‚ô°xoge really future,2021-08-06 08:15:58+00:00,0
102,102,pipsielot,1609,3753,52,panama is willing to regulate a wide range of cryptocurrencies including stellar lumens (xlm) xrp and more sparkles ‚Å¶ ‚Å© ‚Å¶ ‚Å© sparkles,2015-09-19 00:02:15+00:00,0
103,103,derwood7,124,112,63,‚Äò has failed to relist $xrp today,2009-04-18 00:37:41+00:00,0
104,104,TheWolfofTradi2,5004,1299,0,crash cosmos (atom) analysis & price prediction via please look for more videos at my youtube channel,2020-06-05 03:32:47+00:00,0
105,105,MomentumBullish,1933,746,0,big facts hundred_points scooped some 58 amazing star-struck,2021-08-30 19:35:57+00:00,0
106,106,LoterPeter,21,176,0,$xrp / usdt short $key moment $xpr is in the very difficult possition break from this triangle and could go to 0 20 in couple of months imo $btc is going to break 30k and we are going to see under 20k so 0 20 for $xpr is imminent ‚Ä¶ ‚Ä¶‚Ä¶ ‚Ä¶,2022-03-24 11:40:05+00:00,1
107,107,tokenviz,0,3170,0,full_moon biggest 1 day volume $38 250 43 (‚àí0 93%) $2 781 22 (‚àí1 35%) $bch $282 2 (‚àí4 40%) $luna $78 36 (‚àí8 21%) $0 6053 (‚àí0 98%) backhand_index_pointing_right follow to bring dashboard right to your feed,2021-04-19 16:00:12+00:00,0
108,108,Anthony19466854,161,66,0,hurry come join and watch this amazing artist at work come hangout with the best community around fire rocket $xrp,2021-09-17 13:02:18+00:00,0
109,109,SuperUtilityISO,102,47,73,there was an x class solar flare today x means it had enough radiation to cause a strong shortwave radio blackout which is what happened reminder to move your off of exchanges and into a d'cent wallet or nano ledger,2021-03-08 02:10:37+00:00,0
110,110,leyds0214,337,95,394,goblin xgoblin giveaway goblin to celebrate the release of our warrior xgoblin collection we are giving 20 each to 4 winners rules goblin follow _ goblin rt and like goblin tag friends there will only ever be 500 (5 collections 100 each) 72 hours timer_clock,2021-09-27 02:48:28+00:00,0
111,111,TheWolfofTradi2,5004,1299,0,cardano danger watch analysis price prediction best cry via please look for more videos at my youtube channel,2020-06-05 03:32:47+00:00,0
112,112,kdbawkehnaaqj,1925,166,0,_rain_xrp ü´°ü´° everyone saying the cord got pulled but literally everyone said that last year feb when everything was down,2021-12-23 02:00:06+00:00,0
113,113,jonatah1288,31,42,133,do you agree with this price prediction me that is my stuff star-struck star-struck as always follow for the latest updates fire,2022-01-16 13:35:30+00:00,1
114,114,IDidndoThat,4668,3099,53,that is why doing your own research & understanding how the technology works on a technical level is very important the xrp network is an open source decentralized and very efficient technology used for many use cases such as payments web monetization defi gaming nfts,2010-12-05 19:36:51+00:00,0
115,115,IDidndoThat,4668,3099,39,this continued for years not only in forums but even in popular crypto media where maxis were writing fud articles about xrp and ripple this has lead to new people entering crypto believing that xrp is a centralized scam as some of the top searches have wrong information,2010-12-05 19:36:51+00:00,0
116,116,Chu3586,3537,1188,284,it is nice to see a name in front of the contract $feg ¬∑ _of_bsc,2019-06-10 15:16:21+00:00,0
117,117,Junglel3east,204,125,0,less then 10 mins until the og giveaway,2022-02-06 20:25:16+00:00,1
118,118,jenzhababag12,128,19,45,good evening red_heart red_heart red_heart big thanks to for presenting to me money-mouth_face money-mouth_face invested 20k weary_cat dollar_banknote holdings 4 7t richlist 8 holders of 3m+ xtreme profiting from success of xoge gem_stone red_heart like retweet red_heart _xrp,2022-04-11 16:16:54+00:00,1
119,119,XRP_ninja2012,461,104,78,the claim they had to mandate the jab to run ‚Äúthe nation's largest peacetime logistical event‚Äù i believe them not political at all even though this election is the closest thing to a referendum on covid restrictions and mandates i'm sure it is innocent,2012-07-23 04:44:07+00:00,0
120,120,CryptoKng81,154,795,1,who is out there buying xrp and not selling during this brutal shake out,2021-06-06 06:00:59+00:00,0
121,121,jonatah1288,31,42,150,fire fire retweet & follow fire fire join the fastest growing blockchain ecosystem join _ let us get more fans & holders $brise,2022-01-16 13:35:30+00:00,1
122,122,shibboob,900,1091,51,the big day for xrp to dominate the financial system is very near old_key eagle crown rainbow sun coin money_with_wings hourglass_not_done exploding_head,2021-12-11 06:46:59+00:00,0
123,123,CryptoSpace3210,590,657,436,crypto prices one year ago today $57 828 $2 776 $1 35 $624 $1 59 $0 20 $32 $16 68 $43 00 $0 33 $0 78 $10 20 $1 49 $0 63 $0 00204,2021-03-03 22:22:27+00:00,0
124,124,UlyssesAurora,19,3,1,$btc cannot wait to see the nbc specials for ‚Äúthe biggest scam of the decade crypto currencies‚Äù $xrp $doge x eyes,2022-04-21 02:12:03+00:00,1
125,125,conie2s,1065,157,17,i have $xrp i have $xoge what more do i need,2011-06-01 02:03:33+00:00,0
126,126,MurongQianQian1,43,29,0,it was a lovely weekend i hope you all had a great whole day together and celebrate great profits in the investment market,2015-11-11 05:52:54+00:00,0
127,127,pixnobody,114,39,0,_xrp _productions exactly,2021-09-12 11:26:45+00:00,0
128,128,official_BHSL,322,5949,288,wrapped_gift sparkles xwhales giveaway trophy 0 5 xwhales 4 winners spouting_whale follow | | me spouting_whale like | rt | tag friends spouting_whale bookmark (trippy whales mint 30th 9am mst) spouting_whale join discord alarm_clock ends in 48hrs,2022-01-06 00:55:15+00:00,1
129,129,giandalone,268,93,0,i have not been able to stop buying amassing huge bags of hbar vet gala cspr and of course xrp,2019-12-07 23:36:15+00:00,0
130,130,almsec007,378,200,256,songbird is the canary network for flare it holds real value and offer ways to earn real income learn all about it in the video below repeat_button rt for a chance to win $xrp / $csc,2021-12-05 21:00:07+00:00,0
131,131,Ivonne68008570,1082,83,317,dagger _nft giveaway dagger trophy 0 5 xcrusader each | 3 winners trophy (current price 24 xrp) shield like rt & tag friends shield follow _nft & me shield join discord check_mark_button show proof visit the website for more info down_arrow alarm_clock 48hrs,2021-12-31 16:37:48+00:00,0
132,132,atelelelebigwin,3342,368,143,star-struck war of tribes official game launch via,2022-01-05 03:15:27+00:00,1
133,133,taylorschmidt__,1374,869,230,look now it is time to worry if we are in a bearmarket for $xrp lmfaoo,2012-07-21 22:19:27+00:00,0
134,134,lambo_xrp,189,201,0,_io unfortunately needed for sustainability price will pick up over time at the moment it is choking on sell pressure,2019-09-06 18:50:24+00:00,0
135,135,Crypt0believer,465,105,0,to claim last position we need to spend 350 xrp face_with_tears_of_joy,2012-07-17 02:22:32+00:00,0
136,136,Metagiveaways_1,590,37,628,wrapped_gift giveaway wrapped_gift checkout metaverse teaser below and get a chance to win fire money_bag 3 will bag 1st_place_medal 50 xrp 2nd_place_medal 30 xrp 3rd_place_medal 20 xrp keycap_1 retweet & like keycap_2 follow & keycap_3 tag 8 friends keycap_4 comment alarm_clock ends 48h,2022-04-17 10:18:45+00:00,1
137,137,BadurluU,164,101,63,there is an investigation that needs to happen but the only way it will if we have numbers calling out the bull crap keep retweeting and sharing your opinion,2020-04-05 14:44:15+00:00,0
138,138,amandapatriot,767,208,172,never forget for years the paid for pow liars tried to scare us out of xrp the company is great they said does not need xrp they said the banks will never use xrp they said a bunch of liars for hire and they never thought we would put it all together,2020-03-26 22:53:43+00:00,0
139,139,Keanu__12,1240,120,394,goblin xgoblin giveaway goblin to celebrate the release of our warrior xgoblin collection we are giving 20 each to 4 winners rules goblin follow _ goblin rt and like goblin tag friends there will only ever be 500 (5 collections 100 each) 72 hours timer_clock,2021-12-22 22:04:28+00:00,0
140,140,Krypto730,506,307,0,_owl fuck we just been mushed man_facepalming,2021-04-28 23:05:07+00:00,0
141,141,trinity21607457,36,3,149,smiling_face_with_heart-eyes new day new tbbob giveaway smiling_face_with_heart-eyes check_mark_button follow red_heart like check_mark_button retweet for a chance to win 1 tbbob token that you will be able to exchange for 1 tbbob,2021-11-12 21:34:37+00:00,0
142,142,triplemyripple,557,261,0,xrp close to breaking 50 cents,2010-10-15 15:45:53+00:00,0
143,143,MicahPW20,1107,2909,2,dude check this shit out iguana yacht that has built in tracks so you can literally drive it out the water and onto the beach wtf is going to get me my sailboat and one of these,2019-07-09 19:19:12+00:00,0
144,144,nebayalo,220,47,698,why is $xrp so hated and why is there so much misinformation time for a thread everything started in 2013 xrp had started trading the technology had many promises it had the first ever dex where you could even trade and move btc in seconds then bitcoin maximalists came in 1/8,2018-02-19 03:34:39+00:00,0
145,145,kwagjaeil1,1194,34,203,hey we love your pfp thought you might like a new one winking_face antarcticdape this 3dape travels the world looking for a switch to flip eyes gem_stone,2021-12-12 01:18:00+00:00,0
146,146,MICHODONKEY,221,191,0,_owl fucking world gone twilite zone,2021-11-01 21:20:42+00:00,0
147,147,SirMoonkie,272,204,0,proof of stake networks work in the same way the current system does those with the most money run everything all proof of stake networks will fail or ought to fail if you care about decentralization pow is also centralized and wasteful xrp's concensus is the way to go folded_hands,2017-12-16 02:14:26+00:00,0
148,148,toeidmubarakwin,2248,54,8765,wrapped_gift is finally here wrapped_gift we are giving away 50 00 $klv to 25 lucky winners you only need to like + rt + follow _io to join download app at to buy & swap & countless more coins today,2022-04-06 06:04:53+00:00,1
149,149,bignaughtysing,211,43,68,i just got to say that big ass monthly bull flag is looking amazing triangular_flag triangular_flag $hex,2021-07-29 07:48:37+00:00,0
150,150,tariq_101,137,24,0,can i pay in worthless xrp it is going to be worth $589 one day,2018-01-28 01:10:45+00:00,0
151,151,LateeffAbdul,4992,148,143,star-struck war of tribes official game launch via,2022-03-20 14:55:40+00:00,1
152,152,bigwinmoro,256,70,143,star-struck war of tribes official game launch via,2022-04-30 03:08:38+00:00,1
153,153,adrian_helyar,22,4,0,_owl imma island boyy,2021-11-07 07:00:59+00:00,0
154,154,jfgrissom,730,822,154,someone somewhere will find out about at just the right time and invest right before it explodes they will think themselves a genius they will know nothing about our journey face_with_tears_of_joy,2008-09-20 11:56:29+00:00,0
155,155,Yageo8307,584,57,0,done mate check_mark_button hundred_points join and lets try our best of luck here _promise _nymph94,2022-02-24 12:19:47+00:00,1
156,156,bignaughtysing,211,43,198,let us show the world how the meme fire fire everyone post your favorite $hex and memes in the comments retweet and like so we can get tons of participation,2021-07-29 07:48:37+00:00,0
157,157,crypto_simple_,6,50,1,hold up‚Ä¶hold on‚Ä¶don't be scared the pressure is on and the squeeze is real pack your bags money_bag gem_stone waving_hand_medium_skin_tone got mine money_bag flexed_biceps_medium_skin_tone,2021-11-15 03:02:59+00:00,0
158,158,dajenuswins,4964,238,143,star-struck war of tribes official game launch via,2021-07-22 13:35:55+00:00,0
159,159,CitizenEarned,632,240,26,"fire ripple has a new website and introduces new ""products"" for banks and fis check_mark_button settlement in seconds not days (odl) check_mark_button put the power of crypto in more hands check_mark_button secure blockchain innovation for a sustainable economy (cbdc) they are growing bigger and bigger clapping_hands",2013-03-13 22:19:16+00:00,0
160,160,BigWeb82,338,137,0,_owl rolling_on_the_floor_laughing rolling_on_the_floor_laughing it is over,2020-02-22 21:33:35+00:00,0
161,161,pittsburgh107,136,402,10,i know there is no comparison but $jasmy is holding up better than $sol and $xrp star-struck,2015-08-14 01:16:48+00:00,0
162,162,YoloNoFomoBot,156,29,1,shopping_bags money-mouth_face buy trade for shopping_bags money-mouth_face executed on apr 30 2022 23 51 buy price > 1 437135 signup for 5% commission >,2014-07-01 06:55:18+00:00,0
163,163,LyonFitness40s,888,214,1,hold up‚Ä¶hold on‚Ä¶don't be scared the pressure is on and the squeeze is real pack your bags money_bag gem_stone waving_hand_medium_skin_tone got mine money_bag flexed_biceps_medium_skin_tone,2020-12-22 04:38:58+00:00,0
164,164,GhazwanJabbir,17,6,698,why is $xrp so hated and why is there so much misinformation time for a thread everything started in 2013 xrp had started trading the technology had many promises it had the first ever dex where you could even trade and move btc in seconds then bitcoin maximalists came in 1/8,2022-03-28 02:45:47+00:00,1
165,165,XRP_SMACK_XLM,1504,348,0,daydreaming by cpgoncalves on deviantart via,2021-06-16 22:35:35+00:00,0
166,166,YoloNoFomoBot,156,29,0,shopping_bags money-mouth_face buy trade for shopping_bags money-mouth_face executed on apr 30 2022 23 51 buy price > 0 002811 signup for 5% commission >,2014-07-01 06:55:18+00:00,0
167,167,XRP_ninja2012,461,104,13156,breaking according to a report by the epoch times nearly 400 employees at the cdc have yet to receive a covid 19 vaccine this should be concerning to everyone,2012-07-23 04:44:07+00:00,0
168,168,conie2s,1065,157,360,wrapped_gift wrapped_gift 0 5 to 4 lucky people check_mark_button follow & me check_mark_button retweet & tag friends check_mark_button bookmark (trippy whales mint 30th 9am mst) check_mark_button join discord ends in 48hrs via,2011-06-01 02:03:33+00:00,0
169,169,official_BHSL,322,5949,394,goblin xgoblin giveaway goblin to celebrate the release of our warrior xgoblin collection we are giving 20 each to 4 winners rules goblin follow _ goblin rt and like goblin tag friends there will only ever be 500 (5 collections 100 each) 72 hours timer_clock,2022-01-06 00:55:15+00:00,1
170,170,jeffnieves214,2186,156,322,wrapped_gift strangeling nft wrapped_gift trophy 2 winners 10 xrp each trophy check_mark_button like&rt rabbit_face tag 5 friends woman_dancing follow _art & me all nft's are from a verified account and collection check_box_with_check visit the collection backhand_index_pointing_down alarm_clock 72hrs,2022-02-13 09:49:08+00:00,1
171,171,john_malicse,135,46,256,songbird is the canary network for flare it holds real value and offer ways to earn real income learn all about it in the video below repeat_button rt for a chance to win $xrp / $csc,2010-09-03 12:21:10+00:00,0
172,172,Dnadii6avS,323,32,256,songbird is the canary network for flare it holds real value and offer ways to earn real income learn all about it in the video below repeat_button rt for a chance to win $xrp / $csc,2021-08-10 20:26:25+00:00,0
173,173,jfgrissom,730,822,77,do not look at the price look at the process and the price will follow,2008-09-20 11:56:29+00:00,0
174,174,johnyB_XRP,328,86,266,discuss,2019-05-23 03:33:07+00:00,0
175,175,RADICAL29248719,1264,148,394,goblin xgoblin giveaway goblin to celebrate the release of our warrior xgoblin collection we are giving 20 each to 4 winners rules goblin follow _ goblin rt and like goblin tag friends there will only ever be 500 (5 collections 100 each) 72 hours timer_clock,2021-10-29 03:43:42+00:00,0
176,176,YoloNoFomoBot,156,29,0,shopping_bags money-mouth_face buy trade for shopping_bags money-mouth_face executed on apr 30 2022 23 51 buy price > 0 0086205 signup for 5% commission >,2014-07-01 06:55:18+00:00,0
177,177,Purple_Rain_XRP,288,223,0,my guy we are going to them mid to low 50s,2021-06-15 15:07:17+00:00,0
178,178,cryptoone77,965,440,69,seriously considering selling most of my crypto for $xrp we are getting closer eyes fire popcorn,2016-11-22 09:01:23+00:00,0
179,179,Yageo8307,584,57,0,_an_ge_lyn done mate check_mark_button hundred_points join and lets try our best of luck here _promise _nymph94,2022-02-24 12:19:47+00:00,1
180,180,O_A_369,643,173,17,sometimes they say one thing publicly and do another with their money,2009-04-25 13:02:53+00:00,0
181,181,xrpworldblood,584,1812,7,$aurora airdrop participant list is filling up we plan to execute the for $aurora this coming weekend of may 6/7 all xrpl ‚Äúpoker night‚Äù projects were gifted 30 ad spots to hand out or anyhow they choose discord to claim role (link bio),2019-10-01 04:28:11+00:00,0
182,182,fudemcrypto,4388,953,30,imagine 1b $xoge is equal to 17 $xrp now what more if kill another zero hmm will you sell now or trust the process of this project ),2021-05-29 03:51:14+00:00,0
183,183,CamilleEdith2,12,2,0,bombshell news the sec has been caught in corruption the sec did not file the lawsuit because they thought is a s‚Ä¶,2022-04-21 02:07:04+00:00,1
184,184,Surfnsk8j,144,72,0,just loaded up some alt coins on a discount thank you market makers lol,2022-02-27 19:13:33+00:00,1
185,185,SheepGoBaabaa,143,10,0,_productions news is spreading fast,2022-03-28 05:14:08+00:00,1
186,186,ORIGIN589,144,35,100,they cannot stop it,2021-11-09 05:27:01+00:00,0
187,187,6Kire,517,26,505,if xrp was going to zero it would do it on it is own it would not need congressional representatives spreading fake emails as truths media outlets on the attack sec lawsuits and coinmarketcap to alter rankings it would do just it on it is own and it has not,2012-08-07 12:45:26+00:00,0
188,188,SlothTradingBot,1,42,0,bell price updates for different assets that get price predictions on sloth slothtrading $2 725 19 $14 54 $84 81 $78 36 $0 5843 $56 96 collision new predictions every hour,2022-03-31 07:01:08+00:00,1
189,189,youIyouADA,368,49,0,3/10 is the crypto a security ispos deemed a public fund raising for a security and the current sec court case against has shown that everything is as clear as mud icos in switzerland will protect you remains to be seen recent swiss icos needs kyc,2021-11-04 21:34:21+00:00,0
190,190,JayBlessed901,1966,1564,2,the longer the wait the bigger the bang $xrp,2017-09-23 13:36:55+00:00,0
191,191,mikasyein,1570,108,394,goblin xgoblin giveaway goblin to celebrate the release of our warrior xgoblin collection we are giving 20 each to 4 winners rules goblin follow _ goblin rt and like goblin tag friends there will only ever be 500 (5 collections 100 each) 72 hours timer_clock,2018-10-24 04:10:54+00:00,0
192,192,XRP_moonlanding,337,85,9634,we are on a terrible trajectory‚Ä¶,2021-02-27 12:43:09+00:00,0
193,193,5Lx44,153,29,256,songbird is the canary network for flare it holds real value and offer ways to earn real income learn all about it in the video below repeat_button rt for a chance to win $xrp / $csc,2018-05-02 05:59:40+00:00,0
194,194,JoeyF07,648,346,0,_owl i almost died when i heard these idiots in an interview say they do not listen to artists today because they are the most original and cannot learn from anyone these guys are surviving on fiverr videos for crypto rn lol,2013-10-01 14:09:28+00:00,0
195,195,comissionermt,22,12,0,everyone freaking relax look at the entire clip on youtube going to the moon ‚Äúlike‚Äù xrp they promoting their nft,2022-04-06 21:57:44+00:00,1
196,196,chamyxrp,1296,231,16,have you ever wonder what is the use case of $xdv announcement soon stop_button hold stop_button snapshot april 30 (we will announce once done) stop_button $xdv airdrop after 3 months of lock up process,2021-02-06 21:47:12+00:00,0
197,197,0xxieyoung,3267,134,143,star-struck war of tribes official game launch via,2022-03-30 01:24:26+00:00,1
198,198,WalkingTall101,1171,422,0,come and join us,2021-04-13 05:34:10+00:00,0
199,199,Foxed_lie,24,3,154,someone somewhere will find out about at just the right time and invest right before it explodes they will think themselves a genius they will know nothing about our journey face_with_tears_of_joy,2021-08-16 13:56:18+00:00,0
200,200,LMedhub,1431,410,112,wrapped_gift fcx giveaway wrapped_gift money_bag 10 winners | 1500 keycap_1 follow _focus keycap_2 like & retweet keycap_3 tag 5 friends keycap_4 join alarm_clock 48h,2021-01-24 22:18:17+00:00,0
201,201,MatsEddens,109,19,187,$vinu has the potential to change your life all you have to do is police_car_light fire,2015-03-14 04:38:38+00:00,0
202,202,merkiurius,4577,582,143,star-struck war of tribes official game launch via,2021-02-20 06:42:57+00:00,0
203,203,Marcelo0060477,1535,551,436,crypto prices one year ago today $57 828 $2 776 $1 35 $624 $1 59 $0 20 $32 $16 68 $43 00 $0 33 $0 78 $10 20 $1 49 $0 63 $0 00204,2021-12-22 14:40:57+00:00,0
204,204,Jenshagsmith,88,25,154,someone somewhere will find out about at just the right time and invest right before it explodes they will think themselves a genius they will know nothing about our journey face_with_tears_of_joy,2021-11-12 15:10:49+00:00,0
205,205,harahapbigwin,293,52,143,star-struck war of tribes official game launch via,2022-04-21 16:23:34+00:00,1
206,206,Yageo8307,584,57,0,_agwjames done mate check_mark_button hundred_points join and lets try our best of luck here _promise _nymph94,2022-02-24 12:19:47+00:00,1
207,207,thecryptobull_,101,55,0,markets turning out to be bearish your views lemme know victory_hand_light_skin_tone,2021-07-06 16:41:18+00:00,0
208,208,sandimaserati,300,302,0,xrp is the hail mary,2021-02-11 02:20:19+00:00,0
209,209,pixnobody,114,39,0,_productions that was me i was an absolute einstein then i got sued by clayton been waiting ever since and do you know if gensler has relatives in australia because i think i work with them,2021-09-12 11:26:45+00:00,0
210,210,brunoalbertooo,83,82,12,$triveum this is next $brise if you was late get in $triveum diamond_with_a_dot big project ‚úìblockchain (testnet) ‚úìmarketplace nfts (testnft) ‚úìdex swap (testdex) ‚úìwallet (live) ‚úìstaking (live) ‚úìdapp (live) ‚úìbridge trvchain (progress) $btc $xrp $ltc $bch $ada $shib $sfm $doge,2011-12-29 23:17:43+00:00,0
211,211,TedSmithXRP,1141,341,69,seriously considering selling most of my crypto for $xrp we are getting closer eyes fire popcorn,2018-09-19 21:43:08+00:00,0
212,212,chamyxrp,1296,231,22,it is coming remember this quote eyes chart_increasing rocket rocket collision rocket rocket ringed_planet money_bag money_bag _crypto,2021-02-06 21:47:12+00:00,0
213,213,Adwan219,23,572,10,i know there is no comparison but $jasmy is holding up better than $sol and $xrp star-struck,2021-08-24 13:32:13+00:00,0
214,214,jwowney,578,56,143,star-struck war of tribes official game launch via,2022-04-24 09:15:49+00:00,1
215,215,Purple_Rain_XRP,288,223,0,nope we are going to them mid 50s for sure smiling_face_with_smiling_eyes but i've been buying slowly,2021-06-15 15:07:17+00:00,0
216,216,xrp_prime,657,553,0,btc dom has cracked out of here the daily close for it is in 10min,2014-08-10 13:16:50+00:00,0
217,217,XRP_Loco,516,136,383,is ethgate just another conspiracy theory or is there some truth to it i'll show you that there is an elaborated plan of the correspondent banks to maintain their business with the help of the sec every statement in this timeline can be proven with multiple credible sources,2021-03-21 09:40:02+00:00,0
218,218,Yageo8307,584,57,0,done mate check_mark_button hundred_points join and lets try our best of luck here _promise _nymph94,2022-02-24 12:19:47+00:00,1
219,219,SuttlesView,5004,3217,104,the more fud i read about the more i'm going to purchase been here too long to fall for the bs nerd_face,2015-10-15 01:51:17+00:00,0
220,220,OxPickWin,1269,14,143,star-struck war of tribes official game launch via,2022-04-24 04:14:18+00:00,1
221,221,Mr_MUBET,221,894,436,crypto prices one year ago today $57 828 $2 776 $1 35 $624 $1 59 $0 20 $32 $16 68 $43 00 $0 33 $0 78 $10 20 $1 49 $0 63 $0 00204,2011-09-30 19:45:46+00:00,0
222,222,Jasmineteea_,727,232,143,star-struck war of tribes official game launch via,2019-01-02 06:48:43+00:00,0
223,223,CryptoSpace3210,590,657,0,what about how could they work together ),2021-03-03 22:22:27+00:00,0
224,224,onyourm__aerk,5000,1775,143,star-struck war of tribes official game launch via,2018-03-23 08:22:47+00:00,0
225,225,M_adiirawan8,885,91,726,police_car_light by rose rose i am giving away 200 fire fire to participate heart_suit follow me & heart_suit like & retweet heart_suit tag 5 friends 72hrs alarm_clock let us go collision,2022-01-11 02:19:10+00:00,1
226,226,_dubusimp4winsx,3177,191,143,star-struck war of tribes official game launch via,2022-02-22 10:18:26+00:00,1
227,227,hooniieeepark,2036,97,143,star-struck war of tribes official game launch via,2022-03-02 13:18:22+00:00,1
228,228,XRP_Loco,516,136,1,ghost of kyiv was confirmed to be a hoax even the guy who made the fake vid admitted to making it on reddit but using a 10 year old pic game called arma lol,2021-03-21 09:40:02+00:00,0
229,229,adi05710228,1624,20,143,star-struck war of tribes official game launch via,2022-04-09 03:50:12+00:00,1
230,230,mikasyein,1570,108,206,party_popper party_popper 20 xrp | 1 winner trophy alarm_clock 48hrs rules check_mark_button follow me & check_mark_button like rt & tag friends check_mark_button join discord backhand_index_pointing_right,2018-10-24 04:10:54+00:00,0
231,231,LMedhub,1431,410,64,wrapped_gift xave giveaway wrapped_gift is growing in celebration money_bag 10 winners | 10k $xave keycap_1 follow & keycap_2 like & retweet keycap_3 tag 8 friends keycap_4 post a screenshot of what you like on alarm_clock 48h,2021-01-24 22:18:17+00:00,0
232,232,Nurwinner,1990,59,143,star-struck war of tribes official game launch via,2021-08-27 03:12:07+00:00,0
233,233,JascoChambers,2341,439,52,panama is willing to regulate a wide range of cryptocurrencies including stellar lumens (xlm) xrp and more sparkles ‚Å¶ ‚Å© ‚Å¶ ‚Å© sparkles,2014-10-26 00:06:38+00:00,0
234,234,DogeZillarmy,2,3843,39,do you believe can go $0 005 flushed_face eyes fire yes yes yes down_arrow down_arrow down_arrow,2018-04-17 09:15:29+00:00,0
235,235,GlitchinXrp,60,98,0,when xrp goes up first,2021-10-10 07:14:27+00:00,0
236,236,jimmyxrp7,1720,167,167,fire xslothsociety sloth police_car_light 50 police_car_light check_mark_button follow & check_mark_button join discord check_mark_button like & rt check_mark_button tag 5 friends contest ends 5/1 winner will be announced on,2022-02-25 11:52:06+00:00,1
237,237,TGNRUS,161,4,230,look now it is time to worry if we are in a bearmarket for $xrp lmfaoo,2020-11-29 20:21:22+00:00,0
238,238,LMedhub,1431,410,295,balloon wrapped_gift giveaway wrapped_gift balloon 10 xrp to 1 lucky winner cat check_mark_button follow check_mark_button like + rt + tag friends check_mark_button join ends alarm_clock 48h,2021-01-24 22:18:17+00:00,0
239,239,Drawwxx29cityx,4425,162,143,star-struck war of tribes official game launch via,2019-02-27 22:07:58+00:00,0
240,240,hi_majjj,3703,129,143,star-struck war of tribes official game launch via,2021-06-10 08:23:55+00:00,0
241,241,Yageo8307,584,57,0,done mate check_mark_button hundred_points join and lets try our best of luck here _promise _nymph94,2022-02-24 12:19:47+00:00,1
242,242,AnnZel_15,576,151,339,sun who wants a shot at a free oracle nft sun sun the oracles sun alien sun $flr $sgb $xrp sun like orange_heart sun retweet recycling_symbol sun tag 3 or more friends high_voltage sun follow _swap _io winner will receive nft on mint day,2021-11-01 03:08:31+00:00,0
243,243,mikasyein,1570,108,210,giveaway alert police_car_light megaphone trophy 1 winner of 10 rules check_mark_button follow me & _kerbie check_mark_button like and retweet check_mark_button join discord winner to be announced in discord ends in 48 hours party_popper,2018-10-24 04:10:54+00:00,0
244,244,Captain14403150,4887,2909,82,the day we win the lawsuit i'll get tattooed on my ass,2021-06-08 22:17:33+00:00,0
245,245,Jock042702661,185,41,4,v countries 200 v 55+ currency pairs 150 v 120 financial institutions 30 00 v 300 transaction time sub sec 2sec v 4sec transparency both are 100% bi directional prefunding both 0%,2018-05-02 00:38:16+00:00,0
246,246,maxx_bets_xrp,953,94,34099,elon musk i need $1 5 billion or spacex will go broke feds approved lloyd blankfein i need $824 billion for goldman sachs feds approved charles koch i need a $1 4 billion tax break feds approved average joe my wife got cancer can we get medicare feds we are bankrupt,2015-10-06 04:04:36+00:00,0
247,247,Meisuperbigwinx,569,40,143,star-struck war of tribes official game launch via,2022-04-09 04:10:14+00:00,1
248,248,abcedefjhi,3880,57,143,star-struck war of tribes official game launch via,2022-02-08 09:15:37+00:00,1
249,249,VBoYn5,3949,172,249,fire giveaway fire partying_face partying_face 10 $xrp for 1 winner rules check_mark follow and me check_mark retweet recycling_symbol and love red_heart check_mark tag friend check_mark join discord 48 hours,2021-05-26 12:11:57+00:00,0
250,250,rooney_mosi32,125,2,63,there is an investigation that needs to happen but the only way it will if we have numbers calling out the bull crap keep retweeting and sharing your opinion,2013-05-30 22:56:47+00:00,0
251,251,cryptohanons,352,843,1,trading plan jasmy/usdt i expect another drop to form a bullish divergence on 1d timeframe see more profitable trading setups on,2012-06-05 02:22:08+00:00,0
252,252,thecryptobull_,101,55,0,haha yes definitely and also xrp holders victory_hand_light_skin_tone,2021-07-06 16:41:18+00:00,0
253,253,Tintin29Herge,3811,432,154,someone somewhere will find out about at just the right time and invest right before it explodes they will think themselves a genius they will know nothing about our journey face_with_tears_of_joy,2022-02-10 18:43:32+00:00,1
254,254,Ganghiskhan187,300,375,18,crypto prices one year ago today eyes $57 828 $2 776 $1 35 $624 $1 59 $0 20 $32 $16 68 $43 00 $0 33 $0 78 $10 20 $1 49 $0 63 $0 00204 collision $shib,2009-02-10 07:55:47+00:00,0
255,255,Freiya_lyn,639,138,576,party_popper weekend giveaway party_popper 100 for 1 lucky person what you need to do busts_in_silhouette follow me and @_crypto_barbie recycling_symbol retweet & like keyboard comment diamond hands gem_stone pushpin tag 5 friends i will announce the winner in 48h good luck everyone shamrock,2021-11-19 15:11:10+00:00,0
256,256,SukkaryAl,804,83,0,_xrp wait for zone echo 11,2021-08-15 22:22:26+00:00,0
257,257,milewski_eugene,1314,880,37,i just want to say kiss_mark congratulations to you if you are an xrp hodl gem_stone gem_stone gem_stone,2015-12-16 18:57:49+00:00,0
258,258,yericmiess,924,142,143,star-struck war of tribes official game launch via,2022-03-03 02:21:31+00:00,1
259,259,RUSSELL00448631,42,5,0,sol cresta (gameplay 1 lets play) rise like the phoenix via,2021-05-05 13:39:02+00:00,0
260,260,BobbyGermyn,144,33,1,xrp price action bearish via,2021-11-03 23:18:19+00:00,0
261,261,forqceseung,3095,105,143,star-struck war of tribes official game launch via,2021-11-03 04:54:02+00:00,0
262,262,finest_nft,41,43,169,fire fire fire fire _xtreme is giving 15k coin for 2 lucky winners in next 24hrs pushpin follow _asia & _moonshots pushpin retweet and like pushpin tag 3 friends $xrp,2022-02-26 08:20:29+00:00,1
263,263,NatalDormer,99,5550,0,xrp is in the very difficult possition break from this triangle and could go to 0 20 in couple of months imo btc is going to break 30k and we are going to see under 20k so 0 20 for xrp is imminent,2009-05-12 14:17:06+00:00,0
264,264,dalvarez45,274,208,230,look now it is time to worry if we are in a bearmarket for $xrp lmfaoo,2012-09-21 06:08:45+00:00,0
265,265,criptoguruvzla1,56,39,436,crypto prices one year ago today $57 828 $2 776 $1 35 $624 $1 59 $0 20 $32 $16 68 $43 00 $0 33 $0 78 $10 20 $1 49 $0 63 $0 00204,2022-03-11 19:23:47+00:00,1
266,266,kurniawati_zuni,1813,50,143,star-struck war of tribes official game launch via,2022-03-31 09:27:24+00:00,1
267,267,Kiyabigwin,1955,52,143,star-struck war of tribes official game launch via,2022-02-25 03:34:36+00:00,1
268,268,swizzn9_xrp,290,115,4,if xdc hits $100 we will have a $1b dollar nft project but who is counting eyes,2021-03-13 22:59:45+00:00,0
269,269,aabrsmwin_,3115,100,143,star-struck war of tribes official game launch via,2021-11-16 03:44:57+00:00,0
270,270,TheDavey92,1625,3538,0,no doubt crosses my mind $xrp $wtk $olt $weld $pli $btr,2011-03-01 15:47:30+00:00,0
271,271,fz_zxx,2559,182,143,star-struck war of tribes official game launch via,2018-01-14 16:33:24+00:00,0
272,272,ummaBigWin_,1792,95,143,star-struck war of tribes official game launch via,2022-04-10 21:54:01+00:00,1
273,273,JUHAKNY3ON,2652,197,143,star-struck war of tribes official game launch via,2021-06-05 19:06:58+00:00,0
274,274,JimrogePort,392,88,0,166% profit with $zrx sell trade with 20x in few hours only our target 1 achieved in few hours only join us with pinned tweet $btc $eth $xrp $sol $luna $enj $matic $zil $bnx $snx $kava $knc,2021-07-15 19:09:59+00:00,0
275,275,_reive,2169,54,143,star-struck war of tribes official game launch via,2022-03-14 12:03:11+00:00,1
276,276,xrpRonin,14,424,6,we are doing an og spot give away in 1hr and 15 mins in the discord,2013-06-09 23:06:48+00:00,0
277,277,StephanieStarrC,642,3548,1,do not trip buy the dip who is buying raised_back_of_hand raised_back_of_hand,2009-03-18 01:16:52+00:00,0
278,278,2paradox2,128,110,339,sun who wants a shot at a free oracle nft sun sun the oracles sun alien sun $flr $sgb $xrp sun like orange_heart sun retweet recycling_symbol sun tag 3 or more friends high_voltage sun follow _swap _io winner will receive nft on mint day,2014-10-29 13:22:37+00:00,0
279,279,Brandon06789361,866,641,135,thread i love listening to brad g because there are always nuggets of gold in what he says i'm writing highlights from this interview at the crypto bahamas conference (my comments r in parens) full interview is here 1/9,2018-12-27 02:07:56+00:00,0
280,280,DDobrik,268,348,110,$xrp will melt faces clown_face fire,2012-02-17 22:24:17+00:00,0
281,281,jiezzung,3065,1661,143,star-struck war of tribes official game launch via,2021-04-28 09:49:52+00:00,0
282,282,chocolala10__,4982,233,143,star-struck war of tribes official game launch via,2021-11-18 16:14:21+00:00,0
283,283,acabigwinx_444,471,50,143,star-struck war of tribes official game launch via,2020-09-23 06:12:01+00:00,0
284,284,miesotokuaah,4679,199,143,star-struck war of tribes official game launch via,2020-05-29 10:20:35+00:00,0
285,285,ikay_0411,365,14,127,police_car_light giveaway 50 or rules memo keycap_1 follow turn on bell keycap_2 like/retweet/tag 3 friends family_man_woman_boy keycap_3 watch this video and comment your favorite crypto red_exclamation_mark keycap_4 subscribe to our youtube and show proof camera_with_flash keycap_5 5 winners will be chosen in 72 hours red_exclamation_mark red_envelope,2022-04-17 06:29:31+00:00,1
286,286,dazzlingxrpl,755,324,0,_rain_xrp you filled back up yet,2014-04-15 22:49:59+00:00,0
287,287,CryptoMarkVerse,310,20570,0,_prime if he does we might just have to call it eternal rest then man_shrugging_medium-light_skin_tone we all know is not ever going away,2016-01-04 07:45:47+00:00,0
288,288,LoS321Bang,248,82,0,so the discord claims there was some kind of mess up with xumm and 500 tokens were sold at 3 xrp a pop person_facepalming person_facepalming they claim they will set this straight and continue to build person_shrugging so we shall seei set the trustline that was provided and we shall see what happens but that does suck sad_but_relieved_face,2022-01-13 07:20:47+00:00,1
289,289,donaldo69557417,111,6,0,_productions a beautiful journey none the less,2022-04-07 03:56:42+00:00,1
290,290,BurungTHR,2045,48,143,star-struck war of tribes official game launch via,2022-04-19 11:17:40+00:00,1
291,291,xrp_prime,657,553,0,yip that is how i feel rolling_on_the_floor_laughing,2014-08-10 13:16:50+00:00,0
292,292,vnjisung,824,400,143,star-struck war of tribes official game launch via,2021-06-04 13:22:38+00:00,0
293,293,seasord_x,234,31,0,@_cozycrypto the harsh reality of this is that what xrp holders invested in the ground and what they are holding right now and what eth holders invested and what their actual value is right now (,2021-04-25 22:06:10+00:00,0
294,294,Purple_Rain_XRP,288,223,0,fire fire much better,2021-06-15 15:07:17+00:00,0
295,295,H_XRP_,282,288,0,solar eclipse currently in progress‚Ä¶ ends soon‚Ä¶,2021-09-08 17:28:12+00:00,0
296,296,MarkHut57028288,51,12,0,xrp is trash,2021-10-27 00:10:55+00:00,0
297,297,emzsoluckycityx,2097,41,143,star-struck war of tribes official game launch via,2022-03-06 00:05:05+00:00,1
298,298,BrooksyBNG,377,203,0,_owl we had a good run,2011-07-28 21:08:49+00:00,0
299,299,KodiakXRP,170,7,516,"what about all this on your actual website it mirrors what your new team member tweeted says xrp is centralized your site takes it even further though by editorializing xrp is ""not as popular as other blockchains "" any plans to correct the false information on your site",2019-08-29 01:59:39+00:00,0
300,300,MetaBlockZ,185,37,4,$500 right now matic address retweet tag follow $xrp $xlm $vet $vtho $hbar $htr $albt $qnt $polc $doge $ico $jasmy $eos $shib $sol https //,2022-03-04 10:17:37+00:00,1
301,301,xSTIKbot,65,819,3,now is a good time to load up your xrp bags sign_of_the_horns smiling_face_with_sunglasses fire,2022-03-07 14:56:58+00:00,1
302,302,SuttlesView,5004,3217,69,seriously considering selling most of my crypto for $xrp we are getting closer eyes fire popcorn,2015-10-15 01:51:17+00:00,0
303,303,TattedApeXRPL,243,112,3,now is a good time to load up your xrp bags sign_of_the_horns smiling_face_with_sunglasses fire,2021-04-05 21:07:13+00:00,0
304,304,crypto_whispers,99,3451,0,top 5 prices with 24h change red_circle $btc $37661 87 ( 2 53%) red_circle $eth $2724 63 ( 3 33%) red_circle $bnb $378 6 ( 3 71%) red_circle $sol $84 64 ( 10 08%) red_circle $xrp $0 5854 ( 4 33%) do you any of these coins,2021-06-26 20:51:41+00:00,0
305,305,Ivonne68008570,1082,83,394,goblin xgoblin giveaway goblin to celebrate the release of our warrior xgoblin collection we are giving 20 each to 4 winners rules goblin follow _ goblin rt and like goblin tag friends there will only ever be 500 (5 collections 100 each) 72 hours timer_clock,2021-12-31 16:37:48+00:00,0
306,306,Hanks509,395,166,182,we know whats up the harvest is going to be legendary fox,2021-03-13 10:17:31+00:00,0
307,307,hangkie4,260,3,147,hey family please check our investors rewards check_mark_button 6 month check_mark_button 50% of holding as check_mark_button utility token airdrop (for play & earn feature) check_mark_button free check_mark_button airdrops start after check_mark_button buy $mdk token check_mark_button retweet & tag your friends,2022-01-16 11:25:27+00:00,1
308,308,altan2009,1752,182,323,did brad just say more unannounced central banks have been signed eyes hodl the odl backhand_index_pointing_right gem_stone handshake,2009-09-23 08:58:17+00:00,0
309,309,ALBRIGHT_XRP,335,44,432,an investor that can watch their portfolio drop without reacting emotionally is on that path to generating a massive amount of wealth,2021-05-02 22:45:59+00:00,0
310,310,So1Castillo,327,252,0,xrp ape sys gmt etc,2021-11-19 21:25:33+00:00,0
311,311,Junaidamir786,36,108,70,to be honest is a shit show they just tweeted is a scam and the price dropped then delete it this is why we need market cap no more bullshit no more scams no more honey pots thong_sandal,2011-12-10 16:13:46+00:00,0
312,312,cryptopirate31,146,42,125,binance ceo apologizes and clears the air after coinmarketcap spreads misinformation about thank you _binance folded_hands,2021-07-26 19:15:27+00:00,0
313,313,finest_nft,41,43,45,good evening red_heart red_heart red_heart big thanks to for presenting to me money-mouth_face money-mouth_face invested 20k weary_cat dollar_banknote holdings 4 7t richlist 8 holders of 3m+ xtreme profiting from success of xoge gem_stone red_heart like retweet red_heart _xrp,2022-02-26 08:20:29+00:00,1
314,314,BubutGaliza,648,109,394,goblin xgoblin giveaway goblin to celebrate the release of our warrior xgoblin collection we are giving 20 each to 4 winners rules goblin follow _ goblin rt and like goblin tag friends there will only ever be 500 (5 collections 100 each) 72 hours timer_clock,2020-12-24 00:26:20+00:00,0
315,315,ZuttrZUT,263,220,0,_xrp lol that is messed up,2020-08-18 13:51:31+00:00,0
316,316,KodiakXRP,170,7,882,"6 hours ago tweeted that $xrp is an ""imposter"" and that it is not decentralized all lies cmc has 5 2 million followers talk about poisoning the well hours later it was deleted without an explanation or apology this is *not* acceptable",2019-08-29 01:59:39+00:00,0
317,317,mikasyein,1570,108,576,party_popper weekend giveaway party_popper 100 for 1 lucky person what you need to do busts_in_silhouette follow me and @_crypto_barbie recycling_symbol retweet & like keyboard comment diamond hands gem_stone pushpin tag 5 friends i will announce the winner in 48h good luck everyone shamrock,2018-10-24 04:10:54+00:00,0
318,318,DominiqueDesdu1,2725,455,0,_xrp that collab is dope star-struck,2021-01-11 20:00:03+00:00,0
319,319,codypri67716138,207,17,0,_productions i think they are all doing something with their jackets no,2022-03-14 23:19:31+00:00,1
320,320,xrp_ninja420,1339,121,256,songbird is the canary network for flare it holds real value and offer ways to earn real income learn all about it in the video below repeat_button rt for a chance to win $xrp / $csc,2021-08-26 08:20:36+00:00,0
321,321,iampinkybc_win,1716,437,127,police_car_light giveaway 50 or rules memo keycap_1 follow turn on bell keycap_2 like/retweet/tag 3 friends family_man_woman_boy keycap_3 watch this video and comment your favorite crypto red_exclamation_mark keycap_4 subscribe to our youtube and show proof camera_with_flash keycap_5 5 winners will be chosen in 72 hours red_exclamation_mark red_envelope,2012-03-01 05:16:57+00:00,0
322,322,axie_biru,210,185,339,sun who wants a shot at a free oracle nft sun sun the oracles sun alien sun $flr $sgb $xrp sun like orange_heart sun retweet recycling_symbol sun tag 3 or more friends high_voltage sun follow _swap _io winner will receive nft on mint day,2021-10-25 10:29:44+00:00,0
323,323,AurlienDupont8,209,31,0,when xrp to the moon rocket beaming_face_with_smiling_eyes,2021-10-20 06:17:02+00:00,0
324,324,RuslanMironov18,384,46,154,someone somewhere will find out about at just the right time and invest right before it explodes they will think themselves a genius they will know nothing about our journey face_with_tears_of_joy,2022-01-26 15:18:51+00:00,1
325,325,MetaBlockZ,185,37,6,$4 500 to anyone who **sending now** retweet follow tag send $matic or $eth address on matic network $xrp $xlm $vet $vtho $hbar $htr $albt $qnt $polc $doge $ico $jasmy $eos $shib $sol,2022-03-04 10:17:37+00:00,1
326,326,redhawk111,391,86,112,wrapped_gift fcx giveaway wrapped_gift money_bag 10 winners | 1500 keycap_1 follow _focus keycap_2 like & retweet keycap_3 tag 5 friends keycap_4 join alarm_clock 48h,2012-09-19 15:47:19+00:00,0
327,327,Vellawardhn,918,1120,143,star-struck war of tribes official game launch via,2011-02-14 07:37:59+00:00,0
328,328,lymxnt,686,187,143,star-struck war of tribes official game launch via,2022-04-18 10:28:45+00:00,1
329,329,CrizRose17,339,30,417,wrapped_gift sparkles giveaway sparkles wrapped_gift 0 5 xwhales to 2 lucky people follow & me like retweet & tag a friend bookmark (trippy whales mint 30th 9am mst) join discord ends in 48hrs,2021-12-04 08:27:09+00:00,0
330,330,swizzn9_xrp,290,115,443,hundreds of financial institutions connect on via a single api light_bulb today we are shining our spotlight on which achieved a 40% reduction in cross border payment costs learn more,2021-03-13 22:59:45+00:00,0
331,331,KROTOBALAPKW7,3178,86,143,star-struck war of tribes official game launch via,2022-04-09 08:22:53+00:00,1
332,332,NickyDvrko,1234,313,0,they are doing a lot to get $xrp holders to sell face_with_tears_of_joy,2015-02-12 05:35:46+00:00,0
333,333,harisonhbn9718,804,477,0,i would like to analyze and,2020-04-19 00:12:30+00:00,0
334,334,MikeLeB93140374,2991,367,51,the big day for xrp to dominate the financial system is very near old_key eagle crown rainbow sun coin money_with_wings hourglass_not_done exploding_head,2021-05-20 08:16:52+00:00,0
335,335,jichifiagemwin5,3121,287,143,star-struck war of tribes official game launch via,2020-06-12 04:13:23+00:00,0
336,336,sasanasini,3149,162,143,star-struck war of tribes official game launch via,2020-05-07 21:14:36+00:00,0
337,337,nutsawlaki,4986,355,143,star-struck war of tribes official game launch via,2021-09-11 11:43:08+00:00,0
338,338,jcrcentral,1317,653,0,xrp at $0 58 only benefit i can see at this point is the long term capital gains treatment else could have bought xrp at this price well over a year ago ‚Ä¶ otherwise a lot of king term holding to end up right where we started not fun and we press on,2012-01-03 20:06:06+00:00,0
339,339,durgapratap22,35,21,150,fire fire retweet & follow fire fire join the fastest growing blockchain ecosystem join _ let us get more fans & holders $brise,2013-11-06 03:58:14+00:00,0
340,340,thyartiscrypto,393,263,0,_owl cannot believe someone paid them to say this lmao,2015-04-08 08:47:59+00:00,0
341,341,Ashleetah88,73,131,0,well im 100% confident in so it will pay off for you all the best rose,2022-01-05 08:38:47+00:00,1
342,342,M_adiirawan8,885,91,37,dna twitter spaces tomorrow dna tomorrow in exact 24 hours we will join the hosted by _xrpl make sure you check this out smiling_face_with_sunglasses date 1st of may time 14 00 est/ 18 00 utc / 20 00 cet,2022-01-11 02:19:10+00:00,1
343,343,ashleyj0e,1718,54,143,star-struck war of tribes official game launch via,2021-11-13 06:17:35+00:00,0
344,344,JimRiverrat2,391,28,72,"""if you are one of the largest banks in the world you want to push pause or stop on technology because you are in the lead"" we know what we hold what the technology is capable of & the problems it will solve nothing can stop it now",2017-03-30 13:35:23+00:00,0
345,345,xrp_leo,272,58,9634,we are on a terrible trajectory‚Ä¶,2020-12-17 09:56:10+00:00,0
346,346,StayMobile_SMI,3997,2518,0,‚Äòthey will not be immune' ‚Äî the fed's stark warning sends the price of bitcoin ethereum bnb xrp solana cardano and dogecoin into free fall forbes,2010-06-29 19:05:49+00:00,0
347,347,vrflpvk,313,30,0,xrp is pretty big,2018-10-29 01:41:35+00:00,0
348,348,PatTee66,356,63,1552,retweet if the sec hurt you as an investor,2021-12-03 14:10:55+00:00,0
349,349,TrentonSamuel,3020,2741,0,‚Äòthey will not be immune' ‚Äî the fed's stark warning sends the price of bitcoin ethereum bnb xrp solana cardano and dogecoin into free fall forbes,2013-06-27 07:07:28+00:00,0
350,350,papertrader626,248,26,73,there was an x class solar flare today x means it had enough radiation to cause a strong shortwave radio blackout which is what happened reminder to move your off of exchanges and into a d'cent wallet or nano ledger,2021-01-02 05:49:32+00:00,0
351,351,Purple_Rain_XRP,288,223,0,and here we go now this is what i like to see chart_decreasing smiling_face_with_smiling_eyes,2021-06-15 15:07:17+00:00,0
352,352,MetaBlacks,1000,126,4,$500 right now matic address retweet tag follow $xrp $xlm $vet $vtho $hbar $htr $albt $qnt $polc $doge $ico $jasmy $eos $shib $sol https //,2017-12-18 18:49:38+00:00,0
353,353,Sugar_Daddy_XRP,4978,903,1263,"i feel the need to reiterate that the censorship we are seeing about ukraine is of a whole new kind than anything we have seen before there is no pretense that it is done to save lives or protect democracy it is just ""we need to control the thoughts that people think about this war """,2012-04-25 01:08:16+00:00,0
354,354,ProjectEternal9,102,37,63,xrp's pumps occur on 5 may 8 august 9 september then dump so take profits then adoption nov to dec 2023 price keeps appreciating every single month,2020-12-11 21:45:36+00:00,0
355,355,LaurieH65934734,3788,1667,63,there is an investigation that needs to happen but the only way it will if we have numbers calling out the bull crap keep retweeting and sharing your opinion,2021-01-27 20:06:40+00:00,0
356,356,rete23142,2,1,0,we are only going to be released for a few days exchange certain cryptocurrencies in 1 1 2 ratio for example if you give us $100 worth of i can exchange it for $110 120 worth of or more telegram be our customer,2022-04-19 07:54:37+00:00,1
357,357,taip05990,62,34,133,do you agree with this price prediction me that is my stuff star-struck star-struck as always follow for the latest updates fire,2021-12-15 02:52:34+00:00,0
358,358,XRP_SMACK_XLM,1504,348,0,india's smart cities conundrum via,2021-06-16 22:35:35+00:00,0
359,359,PatTee66,356,63,18,every $xrp holder needs to sign up double_exclamation_mark period no excuse on earth not to & every reason to do it check_mark_button hundred_points and non xrp crypto peeps should buy a few coins and sign up too because this case will set a precedent & help keep the sec out of our way there is strength in numbers,2021-12-03 14:10:55+00:00,0
360,360,XRP_CryptoBeast,603,2765,0,we back home fire fire hundred_points fire hundred_points hundred_points,2021-03-17 03:09:46+00:00,0
361,361,Shawnmark7899,1445,316,0,when the elites fail to use mass media to scare xrp hodlers to sell they get the island boys to do it,2020-09-22 12:26:24+00:00,0
362,362,CryptonianGoat,212,49,0,emergency meeting who the hell told them about xrp,2021-04-23 12:14:57+00:00,0
363,363,XRP_CryptoBeast,603,2765,1,like i said damages has been done and their is not nothing we can do but prepare man_shrugging_medium_skin_tone i have been giving notice to ppl since 2020 fire hundred_points fire man_shrugging_medium_skin_tone fire face_with_tears_of_joy,2021-03-17 03:09:46+00:00,0
364,364,redhawk111,391,86,64,wrapped_gift xave giveaway wrapped_gift is growing in celebration money_bag 10 winners | 10k $xave keycap_1 follow & keycap_2 like & retweet keycap_3 tag 8 friends keycap_4 post a screenshot of what you like on alarm_clock 48h,2012-09-19 15:47:19+00:00,0
365,365,Purple_Rain_XRP,288,223,0,my guy exploding_head exploding_head chart_decreasing chart_decreasing,2021-06-15 15:07:17+00:00,0
366,366,MIA_HBARbarian,145,270,0,_flyzone $hbar fix flat trans fees off usd vs it is native coin is key compared to any other crypto project there is no arguments facts are clear $avax $btc $eth $xrp $ada $ltc $atom $luna $egld $atom $xtz see minute 13 12 of for fee calculations,2021-12-29 21:04:40+00:00,0
367,367,BillDauterive15,18,28,0,xrp 30 ct orders are placed,2022-03-09 00:04:23+00:00,1
368,368,M_adiirawan8,885,91,48,hogwarts we are soon preparing for our FREE_button ad and could start the snapshot any moment we will inform you once snapshot is done backhand_index_pointing_right tl backhand_index_pointing_right form backhand_index_pointing_right buy backhand_index_pointing_right fill the form to get higher ad backhand_index_pointing_left backhand_index_pointing_right rt & tag friends,2022-01-11 02:19:10+00:00,1
369,369,Nazangge,1429,247,29,what if we told you iron mountain was taking care of our cold storage how much safer would you feel,2021-11-03 06:32:02+00:00,0
370,370,destin03817488,290,328,63,there is an investigation that needs to happen but the only way it will if we have numbers calling out the bull crap keep retweeting and sharing your opinion,2018-02-11 16:57:37+00:00,0
371,371,mikasyein,1570,108,249,fire giveaway fire partying_face partying_face 10 $xrp for 1 winner rules check_mark follow and me check_mark retweet recycling_symbol and love red_heart check_mark tag friend check_mark join discord 48 hours,2018-10-24 04:10:54+00:00,0
372,372,PatTee66,356,63,0,_avengers within the next bull ox cycle for sure after mass adoption and central banks with cbdcs being added to the xrpl each month,2021-12-03 14:10:55+00:00,0
373,373,maxx_bets_xrp,953,94,323,did brad just say more unannounced central banks have been signed eyes hodl the odl backhand_index_pointing_right gem_stone handshake,2015-10-06 04:04:36+00:00,0
374,374,IbbieSmalls,492,75,0,_owl someone has paid them on cameo to do this,2020-03-19 18:45:22+00:00,0
375,375,Simon___Wood,37,35,0,how low is xrp going right now at $0 58 right now,2022-02-23 13:50:30+00:00,1
376,376,DrBagz888,676,210,1,if is not a people's coin i do not know what is,2021-11-12 06:12:16+00:00,0
377,377,CBMwithRP,2119,216,40,backhand_index_pointing_down smiling_face_with_sunglasses updated ripple website confirms xrp to be used for all cross border payments,2017-06-13 04:07:55+00:00,0
378,378,M_adiirawan8,885,91,16,snapshot for 2nd vault lock up is done stop_button lock up on $xrcs on may 1 stop_button $xdv airdrop after 3 months,2022-01-11 02:19:10+00:00,1
379,379,mikasyein,1570,108,295,balloon wrapped_gift giveaway wrapped_gift balloon 10 xrp to 1 lucky winner cat check_mark_button follow check_mark_button like + rt + tag friends check_mark_button join ends alarm_clock 48h,2018-10-24 04:10:54+00:00,0
380,380,ccyee888,1888,214,10,3 things about this post from cmc no apology to xrp and the community for creating fud they never said anything about xrp in this tweet (sweep under the rug) why would you give a kid the keys to the lambo if they just got their license check_mark_button and balances before they get trust,2011-02-22 14:06:06+00:00,0
381,381,JoshIvanovic,188,1315,0,guys dont worry they singing about xrrp we invest in xrp we safe,2012-11-11 19:35:31+00:00,0
382,382,Keanu__12,1240,120,127,police_car_light giveaway 50 or rules memo keycap_1 follow turn on bell keycap_2 like/retweet/tag 3 friends family_man_woman_boy keycap_3 watch this video and comment your favorite crypto red_exclamation_mark keycap_4 subscribe to our youtube and show proof camera_with_flash keycap_5 5 winners will be chosen in 72 hours red_exclamation_mark red_envelope,2021-12-22 22:04:28+00:00,0
383,383,iamjha79,2305,230,339,sun who wants a shot at a free oracle nft sun sun the oracles sun alien sun $flr $sgb $xrp sun like orange_heart sun retweet recycling_symbol sun tag 3 or more friends high_voltage sun follow _swap _io winner will receive nft on mint day,2019-12-19 03:22:19+00:00,0
384,384,NewWorldDawning,1986,1667,1,good we are going to need the liquidity for the xrp settlement pump tomorrow,2011-10-12 17:08:13+00:00,0
385,385,redhawk111,391,86,295,balloon wrapped_gift giveaway wrapped_gift balloon 10 xrp to 1 lucky winner cat check_mark_button follow check_mark_button like + rt + tag friends check_mark_button join ends alarm_clock 48h,2012-09-19 15:47:19+00:00,0
386,386,MetaBlacks,1000,126,6,$4 500 to anyone who **sending now** retweet follow tag send $matic or $eth address on matic network $xrp $xlm $vet $vtho $hbar $htr $albt $qnt $polc $doge $ico $jasmy $eos $shib $sol,2017-12-18 18:49:38+00:00,0
387,387,Purple_Rain_XRP,288,223,0,still holding it down sold a huge chunk of my bag a while ago and now look at the wonders i've received pleading_face fire fire super grateful for this dip chart_decreasing chart_decreasing,2021-06-15 15:07:17+00:00,0
388,388,JelvesEmilio,490,38,0,fucking go to the other side,2019-12-07 21:57:19+00:00,0
389,389,ByeByeHedgies,45,24,4,binance btc market unusual buying activity 39 48 btc in 11 minutes (12%) p 0 001541 red_circle (2 34%) 24h vol 349 btc,2021-07-10 23:27:15+00:00,0
390,390,CrypSight,0,161,1,how many altcoins tokens will be worthless soon exclamation_question_mark go bitcoin thumbs_up clinking_beer_mugs face_with_rolling_eyes $btc face_vomiting $eth $vet $one $xec $xrp $ada $xlm $shib,2015-08-27 23:51:26+00:00,0
391,391,TheMoneyHo2008,2196,75,417,wrapped_gift sparkles giveaway sparkles wrapped_gift 0 5 xwhales to 2 lucky people follow & me like retweet & tag a friend bookmark (trippy whales mint 30th 9am mst) join discord ends in 48hrs,2022-04-12 09:58:39+00:00,1
392,392,destin03817488,290,328,1,goodbye hello cmc when you get the facts straight on $xrp $ripple and issue a real sincere apology to the $xrp community then i may consider using you again,2018-02-11 16:57:37+00:00,0
393,393,Hexican_Sweat,994,747,198,let us show the world how the meme fire fire everyone post your favorite $hex and memes in the comments retweet and like so we can get tons of participation,2009-03-25 11:06:12+00:00,0
394,394,telulr,1098,282,143,star-struck war of tribes official game launch via,2014-01-13 10:08:32+00:00,0
395,395,StevenJAmato,4818,3331,232,"ryan selkis (no fan of ripple) made a surprising comment in his messari report re sec page 67 ""especially because unlike many other crypto tokens has actually been legitimately used for crossborders payments as a bona fide currency """,2016-04-30 21:01:43+00:00,0
396,396,Victori05768394,509,88,3,‚Äúsome say can be the next ‚Äù,2020-11-16 17:40:03+00:00,0
397,397,leahmaevasquez1,555,64,45,good evening red_heart red_heart red_heart big thanks to for presenting to me money-mouth_face money-mouth_face invested 20k weary_cat dollar_banknote holdings 4 7t richlist 8 holders of 3m+ xtreme profiting from success of xoge gem_stone red_heart like retweet red_heart _xrp,2021-11-22 10:05:50+00:00,0
398,398,XRP_342,2275,1801,0,face_with_tears_of_joy face_with_tears_of_joy gold,2021-06-10 15:27:09+00:00,0
399,399,CrizRose17,339,30,628,wrapped_gift giveaway wrapped_gift checkout metaverse teaser below and get a chance to win fire money_bag 3 will bag 1st_place_medal 50 xrp 2nd_place_medal 30 xrp 3rd_place_medal 20 xrp keycap_1 retweet & like keycap_2 follow & keycap_3 tag 8 friends keycap_4 comment alarm_clock ends 48h,2021-12-04 08:27:09+00:00,0
400,400,qacomputing,563,366,0,_productions i thought he way playing rock paper scissors grinning_face_with_sweat,2011-08-17 22:29:36+00:00,0
401,401,PhryxusO,40,1,0,in the future we will know who is on the right side of history if xrp goes to zero then maybe people are right but the problem is what if those people are wrong crypto is in its early stages people say xrp will go to 100 and bitcoin to 100 for now know what you hold,2021-11-08 00:45:29+00:00,0
402,402,oregono243,1592,73,351,wrapped_gift sparkles giveaway sparkles wrapped_gift 0 5 xwhales to 4 lucky people spouting_whale follow & me spouting_whale like rt & tag friends spouting_whale bookmark (trippy whales mint 30th 9am mst) spouting_whale join discord ends in 48hrs hourglass_not_done,2021-12-04 09:07:10+00:00,0
403,403,RoyaL_Xrp,25,4,0,losing hope,2021-10-25 19:29:22+00:00,0
404,404,QNTMami,1082,71953,11,yup $xrp looking like an easy buy as well got to hit up some exchanges and see what kind of damage we can do play the long game on this one the hail mary bag,2018-10-12 03:10:42+00:00,0
405,405,uglyoriginal1,267,138,125,binance ceo apologizes and clears the air after coinmarketcap spreads misinformation about thank you _binance folded_hands,2020-04-06 17:19:47+00:00,0
406,406,ccyee888,1888,214,516,"what about all this on your actual website it mirrors what your new team member tweeted says xrp is centralized your site takes it even further though by editorializing xrp is ""not as popular as other blockchains "" any plans to correct the false information on your site",2011-02-22 14:06:06+00:00,0
407,407,Omarinoo3,594,101,0,is heading to 0 3$,2018-08-21 20:22:36+00:00,0
408,408,iceman_cry,994,275,0,guy who mortgaged his house to buy $xrp,2011-01-13 17:30:07+00:00,0
409,409,Kozzy1712,845,930,0,crypto buckle up the next few months $btc $doge $ada $xrp $ltc $eth,2016-01-12 01:15:07+00:00,0
410,410,pmeneses1,448,294,31,updated website confirms to be used for all cross border payments,2010-04-21 15:20:41+00:00,0
411,411,redhawk111,391,86,394,goblin xgoblin giveaway goblin to celebrate the release of our warrior xgoblin collection we are giving 20 each to 4 winners rules goblin follow _ goblin rt and like goblin tag friends there will only ever be 500 (5 collections 100 each) 72 hours timer_clock,2012-09-19 15:47:19+00:00,0
412,412,XRP_GAMER,4571,1414,0,hundred_points % agree thumbs_up_medium_skin_tone,2021-12-02 04:52:17+00:00,0
413,413,Texas_Mike_,214,264,0,there is no doubt is the tip of the spear for the crossed_swords,2021-03-23 20:34:40+00:00,0
414,414,consulting_an,4,0,0,you should teach to your audience what is happening right now altcoins selling of bitcoins dominance going rocked higher but you do not even react on this of course because it is more important to focusing on ruble xrp is 0 59 hundred_points you do a very good job for keeping waiting face_with_tears_of_joy,2021-12-06 16:40:23+00:00,0
415,415,Keny7963,190,15,0,sorry to know xrp the best performer in the crypto space & best crypto currency ever created with the most usecases & massive partnerships around the globe,2020-08-03 15:22:46+00:00,0
416,416,Officialtizzy16,4,1,6,if i send $200 which coin you will buy confetti_ball confetti_ball,2022-04-13 08:11:24+00:00,1
417,417,Purple_Rain_XRP,288,223,0,this needs a nipsey song in the background,2021-06-15 15:07:17+00:00,0
418,418,Jercie101,1340,259,249,fire giveaway fire partying_face partying_face 10 $xrp for 1 winner rules check_mark follow and me check_mark retweet recycling_symbol and love red_heart check_mark tag friend check_mark join discord 48 hours,2021-11-18 09:00:24+00:00,0
419,419,lalo3487,234,228,0,_avengers i think it can reach $0 01,2009-05-29 19:51:58+00:00,0
420,420,maketheworldab3,258,53,0,_jimr i'm guessing you have been saying that every year cannot imagine being in it year after year and seeing other shit coins pump and xrp doing nothing even with all the good news shit is rigged,2019-01-06 05:21:22+00:00,0
421,421,PascuaLeoncio,576,128,394,goblin xgoblin giveaway goblin to celebrate the release of our warrior xgoblin collection we are giving 20 each to 4 winners rules goblin follow _ goblin rt and like goblin tag friends there will only ever be 500 (5 collections 100 each) 72 hours timer_clock,2021-10-30 10:54:06+00:00,0
422,422,sanman_xrp,300,115,5,people are just starting to wake up to solana nft projects wait till they figure out which one is an og first to pay 100% secondary sales back to holders has playboy playmate of the year as brand ambassador a wine & vodka spritzer label & pinched_fingers community,2020-04-01 06:29:31+00:00,0
423,423,ralc_nariv,573,124,37,dna twitter spaces tomorrow dna tomorrow in exact 24 hours we will join the hosted by _xrpl make sure you check this out smiling_face_with_sunglasses date 1st of may time 14 00 est/ 18 00 utc / 20 00 cet,2021-08-22 08:18:11+00:00,0
424,424,tellezmauro22,250,58,289,the sec sued amazon tesla apple and smirking_face,2013-12-07 21:46:29+00:00,0
425,425,Mr_Transylvania,2195,1099,436,crypto prices one year ago today $57 828 $2 776 $1 35 $624 $1 59 $0 20 $32 $16 68 $43 00 $0 33 $0 78 $10 20 $1 49 $0 63 $0 00204,2016-03-10 02:50:58+00:00,0
426,426,ss_Daryl1,306,55,0,hey here's your $0 58er next stop the moon,2021-09-01 22:52:27+00:00,0
427,427,khaliq_alia,282,112,0,all the way red_heart,2016-03-07 15:55:54+00:00,0
428,428,Jercie101,1340,259,22,police_car_light are you ready to rumble police_car_light tonight at 8pm est there will be a 25 xrp giveaway money_bag and to match that we will give away 1 wl spot as well check_box_with_check do not miss out on the fun,2021-11-18 09:00:24+00:00,0
429,429,YoloNoFomoBot,156,29,0,shopping_bags money-mouth_face buy trade for shopping_bags money-mouth_face executed on apr 30 2022 23 41 buy price > 0 0085785 signup for 5% commission >,2014-07-01 06:55:18+00:00,0
430,430,JackBendahan,73,225,0,would this mean xrp could take over,2013-12-08 17:22:09+00:00,0
431,431,Bhobtiger23,1752,122,169,fire fire fire fire _xtreme is giving 15k coin for 2 lucky winners in next 24hrs pushpin follow _asia & _moonshots pushpin retweet and like pushpin tag 3 friends $xrp,2022-03-30 07:40:28+00:00,1
432,432,iampinkybc_win,1716,437,167,fire xslothsociety sloth police_car_light 50 police_car_light check_mark_button follow & check_mark_button join discord check_mark_button like & rt check_mark_button tag 5 friends contest ends 5/1 winner will be announced on,2012-03-01 05:16:57+00:00,0
433,433,TagumMark,1162,95,295,balloon wrapped_gift giveaway wrapped_gift balloon 10 xrp to 1 lucky winner cat check_mark_button follow check_mark_button like + rt + tag friends check_mark_button join ends alarm_clock 48h,2022-01-04 00:45:27+00:00,1
434,434,newsforsocial,350,21326,0,xrp lawsuit judge in ripple case modifies calendar raising prospects of suit concluding before year end,2017-01-05 13:34:17+00:00,0
435,435,Kirstie1311,153,50,289,the sec sued amazon tesla apple and smirking_face,2018-01-12 02:40:01+00:00,0
436,436,MicahPW20,1107,2909,0,@_cozycrypto hell yeah flexed_biceps_light_skin_tone,2019-07-09 19:19:12+00:00,0
437,437,supeernam21,2414,888,167,fire xslothsociety sloth police_car_light 50 police_car_light check_mark_button follow & check_mark_button join discord check_mark_button like & rt check_mark_button tag 5 friends contest ends 5/1 winner will be announced on,2021-12-23 17:47:56+00:00,0
438,438,DeFiZenakuu,370,748,0,_gamer to find results you have to take a risk and see where it goes otherwise if you do not and find out later it was a gem that could have changed your families life you will live with regret forever i take risks like everyone does but also i pay attention to minimize my risk too,2013-11-28 01:25:16+00:00,0
439,439,stockgu01748586,100,9,289,the sec sued amazon tesla apple and smirking_face,2021-02-05 03:20:19+00:00,0
440,440,schweer_mike,147,44,350,retweet if you prefer $xrp rather than $btc,2022-04-26 04:06:40+00:00,1
441,441,tellezmauro22,250,58,104,the more fud i read about the more i'm going to purchase been here too long to fall for the bs nerd_face,2013-12-07 21:46:29+00:00,0
442,442,SlothTradingBot,1,42,0,bell price updates for different assets that get price predictions on sloth slothtrading $2 724 62 $14 47 $84 59 $78 23 $0 5823 $56 41 collision new predictions every hour,2022-03-31 07:01:08+00:00,1
443,443,TaketheMound,441,16,0,im waiting till xrp 15 cents again,2022-04-06 09:08:51+00:00,1
444,444,xrp_miss,615,638,371,good morning everyone hot_beverage happy saturday smiling_face_with_smiling_eyes musical_note musical_notes musical_note musical_notes,2020-12-15 02:33:41+00:00,0
445,445,BTRXRPCalc,164,764,0,while i have somewhat an addiction to $xrp my answer is $usdt the $usdt would be used to buy $btr because of my love of,2021-03-14 19:11:55+00:00,0
446,446,Christo49107013,443,154,6,if you hope for $0 21 price after 12 months of bleeding and a state of currently total despair will it happen,2021-07-10 23:45:08+00:00,0
447,447,Kirstie1311,153,50,174,‚Äúripple has partnered with several central banks around the world some we have announced some we have not yet announced‚Äù brad garlinghouse this should be all that is needed to prove to you that is worth 6 digits it is what you do not know that you should be most excited for,2018-01-12 02:40:01+00:00,0
448,448,XRP_342,2275,1801,0,old energy device or lay line control with energtic manipulation,2021-06-10 15:27:09+00:00,0
449,449,reinetu1,1214,1255,339,sun who wants a shot at a free oracle nft sun sun the oracles sun alien sun $flr $sgb $xrp sun like orange_heart sun retweet recycling_symbol sun tag 3 or more friends high_voltage sun follow _swap _io winner will receive nft on mint day,2020-12-30 02:15:11+00:00,0
450,450,Purple_Rain_XRP,288,223,0,this dude has been on point and needs his credit for sure much love overflow nexus purple_heart victory_hand chart_decreasing,2021-06-15 15:07:17+00:00,0
451,451,Ashleetah88,73,131,0,i mean dont sell ur other crypto for just the one keep your wallet diversified nicely just keep buying more xrp but 100% up to you,2022-01-05 08:38:47+00:00,1
452,452,GetawaySorrento,275,313,1,is an appropriate celebration when moons crossed_swords,2021-12-02 19:57:53+00:00,0
453,453,switchbachula,2115,254,167,fire xslothsociety sloth police_car_light 50 police_car_light check_mark_button follow & check_mark_button join discord check_mark_button like & rt check_mark_button tag 5 friends contest ends 5/1 winner will be announced on,2013-04-03 21:07:07+00:00,0
454,454,FiktxunCrypto,243,1510,44,we been working hard extracting data from check out our newest features you now be able to track trading activity on the xrpl for all tokens want to know which whale is buying your favorite token head to and search for your token sparkling_heart,2022-01-20 18:36:48+00:00,1
455,455,sanman_xrp,300,115,88,reminder the fundamentals have gotten stronger for $ftm,2020-04-01 06:29:31+00:00,0
456,456,DragiK1981,272,87,1,exactly ethereum is centralized and owned by wall st xrp is the revolution,2019-05-18 07:56:23+00:00,0
457,457,jyoung0671,52,7,136,coinbase just already we all know $xrp is not a security it is a currency rocket full_moon,2022-04-09 21:27:24+00:00,1
458,458,DragiK1981,272,87,2,_by_the_sec yup and btc and eth maxis know this that is why they focus so hard on calling xrp ripple and saying how centralized it is,2019-05-18 07:56:23+00:00,0
459,459,Bhobtiger23,1752,122,628,wrapped_gift giveaway wrapped_gift checkout metaverse teaser below and get a chance to win fire money_bag 3 will bag 1st_place_medal 50 xrp 2nd_place_medal 30 xrp 3rd_place_medal 20 xrp keycap_1 retweet & like keycap_2 follow & keycap_3 tag 8 friends keycap_4 comment alarm_clock ends 48h,2022-03-30 07:40:28+00:00,1
460,460,1992sGen,396,115,163,what most $xrp haters what most haters know but will not tell you if ripple loses and xrp is deemed a security we are all fucked this is not about xrp it is about common sense bitcoin needs organizations like ripple and bridges like xrp period,2020-03-28 05:42:56+00:00,0
461,461,krypto_slay,259,133,0,xrp fly when tether topple,2018-04-30 14:08:04+00:00,0
462,462,DominiqueDesdu1,2725,455,169,fire fire fire fire _xtreme is giving 15k coin for 2 lucky winners in next 24hrs pushpin follow _asia & _moonshots pushpin retweet and like pushpin tag 3 friends $xrp,2021-01-11 20:00:03+00:00,0
463,463,Faza0777,309,326,436,crypto prices one year ago today $57 828 $2 776 $1 35 $624 $1 59 $0 20 $32 $16 68 $43 00 $0 33 $0 78 $10 20 $1 49 $0 63 $0 00204,2021-05-15 14:54:53+00:00,0
464,464,Han310502,732,49,576,party_popper weekend giveaway party_popper 100 for 1 lucky person what you need to do busts_in_silhouette follow me and @_crypto_barbie recycling_symbol retweet & like keyboard comment diamond hands gem_stone pushpin tag 5 friends i will announce the winner in 48h good luck everyone shamrock,2020-02-02 13:41:05+00:00,0
465,465,iamkenchux,1754,4104,24,14 878 holders now we are growing we will get to that $1 mark then pass that up as well with what we have coming and more announcements everyday we are growing like no other let us get to 50k followers before monday thank you all,2016-08-20 15:21:08+00:00,0
466,466,IvyDani75027263,55,18,0,wrapped_gift wrapped_gift 25 $xrp each to 4 winners sparkles keycap_1 like &amp rt 2‚É£follow lucretiusnet &amp me3‚É£tag 3 friendsthe first teaser of‚Ä¶,2022-03-25 21:26:56+00:00,1
467,467,LX1k1,283,104,73,top 10 cryptos and their price performaces over the last year $luna +400% $sol +117% $avax +117% $eth +2% $btc 28% $bnb 34% $ada 40% $xrp 56% $dot 56% $doge 56% this is why you should be taking profits on uptrends,2021-04-06 05:21:37+00:00,0
468,468,kyliverse,779,131,0,to all these idiots trashing xrp the delay on ripple case is holding back the entire market right now if you honestly think bearish sentiment would be prevailing rn (if xrp had clarity) you are too dumb be allowed to vote imo,2017-09-10 08:42:14+00:00,0
469,469,kwagjaeil1,1194,34,0,_airdrops _ hi~ good project ‚ô°‚ô° rocket crescent_moon rocket rocket rocket rocket fire fire i &you a good bestfriend you win a victory~~^^,2021-12-12 01:18:00+00:00,0
470,470,Eaglebro45,301,111,29,looking forward to the upcoming in london this may who in our community is joining us and who is looking forward to seeing our new xrdoge teddies at our exhibition collision collision,2022-01-13 22:46:59+00:00,1
471,471,JayDub_xrp,972,489,0,_angel hoes always worried about what someone else has or does not have worry about yourself,2021-12-15 21:19:58+00:00,0
472,472,sanman_xrp,300,115,41,i've been in $ftm since 2018 and have been here before the enormous negativity and fud everyone telling you it is going to zero it is all mind games you will only beat with your own conviction,2020-04-01 06:29:31+00:00,0
473,473,bitcointvn,860,125,135,thread i love listening to brad g because there are always nuggets of gold in what he says i'm writing highlights from this interview at the crypto bahamas conference (my comments r in parens) full interview is here 1/9,2017-06-05 04:19:03+00:00,0
474,474,GetawaySorrento,275,313,1,_crypto_og they are all afraid of,2021-12-02 19:57:53+00:00,0
475,475,Noe14372309,185,3,0,selling all my xrp now,2021-05-01 04:57:07+00:00,0
476,476,grateful080,295,40,0,_intel just cuz something is looks cheap does not mean it is not going to get cheaper winking_face,2014-01-10 07:07:18+00:00,0
477,477,Savdogo1,172,29,133,do you agree with this price prediction me that is my stuff star-struck star-struck as always follow for the latest updates fire,2021-12-01 18:38:25+00:00,0
478,478,CryptoSpace3210,590,657,0,i think we need neutral currency to connect them all hmm what could that be thinking_face face_with_monocle $xrp,2021-03-03 22:22:27+00:00,0
479,479,xrpmukbang,2053,140,167,fire xslothsociety sloth police_car_light 50 police_car_light check_mark_button follow & check_mark_button join discord check_mark_button like & rt check_mark_button tag 5 friends contest ends 5/1 winner will be announced on,2021-11-06 12:30:05+00:00,0
480,480,RobinMillionZ,355,280,0,hello is this thing on star-struck $xrp,2019-03-04 16:54:05+00:00,0
481,481,xrp_ronin,275,25,829,warren buffett just said he would not buy all the bitcoin in the world for $25 this is because he does not know how to turn on a computer,2018-04-07 22:56:30+00:00,0
482,482,Bhobtiger23,1752,122,576,party_popper weekend giveaway party_popper 100 for 1 lucky person what you need to do busts_in_silhouette follow me and @_crypto_barbie recycling_symbol retweet & like keyboard comment diamond hands gem_stone pushpin tag 5 friends i will announce the winner in 48h good luck everyone shamrock,2022-03-30 07:40:28+00:00,1
483,483,JaguarJournals,4898,1040,1,red light special police_car_light almost 2 for $1 may be last time to load up‚Ä¶,2021-04-12 20:45:44+00:00,0
484,484,mikasyein,1570,108,38,fire fire fire fire fire fire today in the discord i will be hosting a royal rumble at 8 00pm est and the winner gets 25 how to enter 1 follow and 2 join the discord 3 like comment and tag at least 1 friend,2018-10-24 04:10:54+00:00,0
485,485,riell__winners,2615,129,143,star-struck war of tribes official game launch via,2021-05-05 08:08:41+00:00,0
486,486,GetawaySorrento,275,313,3,max blocking in process tired of this one as well‚Ä¶ im glad twitter has a very high block limit ) bye bye ü´µandy,2021-12-02 19:57:53+00:00,0
487,487,ponzi_john,35,86,0,no lawsuit decision before 2023 huge sell off initiated 0 2$ by end 2022,2020-12-30 21:12:42+00:00,0
488,488,XTtfm,522,66,22,_whales nice try but the xrp ledger is decentralised that is the entire point of it no regulator anywhere in the world has classified xrp as a security,2020-12-24 11:38:19+00:00,0
489,489,O_A_369,643,173,19,thread i listened to an interview of brad g and created this thread the video of the interview is inside exciting things are ahead,2009-04-25 13:02:53+00:00,0
490,490,XRPGalvanized,248,70,0,screwed with them spouting there are better representative's to shout the name smiling_face_with_sunglasses,2021-05-19 01:45:24+00:00,0
491,491,ButzbachKim,265,79,148,hey _crypto you are the ‚Äúsupreme xrp leader‚Äù right how about you boycott and call them out on your youtube channel/ on their lies about go see post for guidance,2020-08-24 16:25:24+00:00,0
492,492,Crypto_Patriot8,55,17,0,_productions i dont know if you are being serious or not ),2021-12-20 06:43:20+00:00,0
493,493,sanman_xrp,300,115,10,just did a thing grinning_face_with_sweat,2020-04-01 06:29:31+00:00,0
494,494,rovsh17,62,72,7,oh my lord face_screaming_in_fear face_screaming_in_fear jeremy hogan is one of *them* sporting the hidden hand i would love to hear leonard mingus grill him on this curious appendage placement _productions,2013-02-11 10:32:46+00:00,0
495,495,AresTrader,64,14,0,my dear defend and you know who is calling,2021-05-04 09:39:33+00:00,0
496,496,H_XRP_,282,287,0,hit that range bro,2021-09-08 17:28:12+00:00,0
497,497,jcchavez239,570,51,0,1 10th supply of xrp 1 5th supply of hbar and xlm mines on pera algo wallet taking part in the governance period think that is the best place for voting and returns,2022-01-25 12:55:00+00:00,1
498,498,Eric133589,93,78,0,asset backed currencies with xrp as the bridge imo almost have 2 global reserve currencies that are equally liquid (gold/xrp),2022-03-22 16:15:20+00:00,1
499,499,H_XRP_,282,287,1,red light special police_car_light almost 2 for $1 may be last time to load up‚Ä¶,2021-09-08 17:28:12+00:00,0
